Year,Month,Day,DOY,AirTmax1,AirTmin1,AirTmin2,AirTmax0,SR,Srmax,precip,RH.6,RH.15,wind,cloud,DateID
2020,10,1,275,15.2,11.8,13,13.9,4.9,,1,92.5,68.3,5,,18536
2020,10,2,276,15.9,13,13.7,15.2,3,,0.8,92.5,77.9,4.6,,18537
2020,10,3,277,16,13.7,9.7,15.9,2.9,,0.4,92.1,75.3,6.2,,18538
2020,10,4,278,15.4,9.7,8.9,16,4.6,,17.8,93.3,72.7,3.7,,18539
2020,10,5,279,16,8.9,8.6,15.4,8.6,,6.1,89.8,61.9,3.7,,18540
2020,10,6,280,13.9,8.6,8.6,16,4.6,,0.1,93.5,82.2,3.2,,18541
2020,10,7,281,14.4,8.6,8.6,13.9,4.7,,1,93.1,77.5,2.1,,18542
2020,10,8,282,11.3,8.6,6.4,14.4,3.1,,1.5,92.8,86,2.8,,18543
2020,10,9,283,12.5,6.4,5.7,11.3,5.2,,2.3,92.4,70.2,3.3,,18544
2020,10,10,284,11.3,5.7,4.4,12.5,8.4,,0.6,92.1,68.6,3.2,,18545
2020,10,11,285,12,4.4,4,11.3,8,,0,93.1,68.6,1.8,,18546
2020,10,12,286,11.2,4,5.5,12,5.1,,0,93.7,73.5,1.9,,18547
2020,10,13,287,12.8,5.5,4,11.2,6.3,,0.5,94.1,69.4,1.7,,18548
2020,10,14,288,9.5,4,2.6,12.8,7,,0,91.3,62.9,3.3,,18549
2020,10,15,289,9.6,2.6,0.3,9.5,7.2,,0,89.3,62.2,2.2,,18550
2020,10,16,290,11.1,0.3,0.9,9.6,8.1,,0,93.9,67.6,1.5,,18551
2020,10,17,291,11.1,0.9,3.3,11.1,7.1,,0,93.1,64.2,2.9,,18552
2020,10,18,292,10,3.3,3.7,11.1,7.9,,0,87.1,50.4,2.7,,18553
2020,10,19,293,11.1,3.7,6.1,10,7.4,,0,90.9,58.4,2.5,,18554
2020,10,20,294,10.2,6.1,10.3,11.1,2.2,,0.5,93.3,68.6,4.6,,18555
2020,10,21,295,14,10.3,10.5,10.2,1.9,,15.3,94.2,89.9,4,,18556
2020,10,22,296,14.4,10.5,9.2,14,3.7,,4.8,93,75.7,5.2,,18557
2020,10,23,297,12,9.2,8.2,14.4,4.5,,0.5,90.9,73.9,3.3,,18558
2020,10,24,298,12.4,8.2,9.6,12,4.9,,0.1,92.7,70.6,3.3,,18559
2020,10,25,299,13.6,9.6,7.3,12.4,1.7,,2.4,91.4,81.4,5.6,,18560
2020,10,26,300,10.8,7.3,6.4,13.6,2.3,,1,92.3,82.9,3.5,,18561
2020,10,27,301,10.5,6.4,6.9,10.8,5.2,,2.9,91.1,76.1,5.5,,18562
2020,10,28,302,12.2,6.9,6.6,10.5,5.5,,2.2,91.6,67.6,5,,18563
2020,10,29,303,11.4,6.6,6,12.2,5.4,,4.9,93.9,69.3,2.5,,18564
2020,10,30,304,12.1,6,5.3,11.4,1.8,,7.2,94.5,91.6,3.3,,18565
2020,10,31,305,12.3,5.3,9.3,12.1,3.9,,1.2,95.2,85.5,3,,18566
2020,11,1,306,13.1,9.3,9.5,12.3,2.8,,2,93.6,76.2,5.2,,18567
2020,11,2,307,16.1,9.5,6.1,13.1,1.5,,6.3,92.6,84.2,6.9,,18568
2020,11,3,308,11.4,6.1,6.2,16.1,4.5,,3.9,90.1,66.6,4.2,,18569
2020,11,4,309,10.7,6.2,7.4,11.4,4.9,,0.5,91.1,68.6,4.3,,18570
2020,11,5,310,11.8,7.4,9,10.7,1.3,,0.7,92,79.9,6.2,,18571
2020,11,6,311,13,9,5.4,11.8,4.3,,0.4,92.5,80.3,4.4,,18572
2020,11,7,312,10.4,5.4,2.5,13,1.8,,0,93.4,74.6,2.3,,18573
2020,11,8,313,10.8,2.5,7,10.4,4.6,,0,94.6,84.2,1.3,,18574
2020,11,9,314,8.3,7,6.5,10.8,1.4,,0,94.6,83.6,4.1,,18575
2020,11,10,315,8,6.5,5,8.3,1.1,,0,89.6,82.7,3.7,,18576
2020,11,11,316,6.5,5,5.8,8,0.5,,0,92.2,86.2,3.2,,18577
2020,11,12,317,8.1,5.8,6.3,6.5,0.8,,1.6,94.3,88.2,4.7,,18578
2020,11,13,318,9.6,6.3,4.1,8.1,3.3,,1.4,94.9,86.2,3.6,,18579
2020,11,14,319,9.7,4.1,9.7,9.6,2.4,,0.2,94.1,86,3.1,,18580
2020,11,15,320,13.1,9.7,7.6,9.7,2.7,,1.1,94.3,80.2,5.9,,18581
2020,11,16,321,11.6,7.6,7.6,13.1,2.7,,5.8,92.8,80.6,4.3,,18582
2020,11,17,322,12.3,7.6,10,11.6,0.8,,0.9,93.5,83.8,4.7,,18583
2020,11,18,323,12.4,10,3,12.3,1.3,,1,93.1,80.7,6.2,,18584
2020,11,19,324,11.6,3,1.6,12.4,3.1,,4.3,91.7,50,7.5,,18585
2020,11,20,325,6.1,1.6,4.2,11.6,3.1,,0.6,85.2,67.4,3.3,,18586
2020,11,21,326,10.3,4.2,5.4,6.1,0.8,,5,93.6,82.6,5.8,,18587
2020,11,22,327,8.7,5.4,4.4,10.3,2.5,,2.4,89.1,67.6,5,,18588
2020,11,23,328,8.1,4.4,6.7,8.7,2.3,,1.6,89.1,74.9,4,,18589
2020,11,24,329,10.1,6.7,6,8.1,0.4,,2.4,93,79.7,4.5,,18590
2020,11,25,330,9.6,6,4.2,10.1,0.9,,0,92.1,85,4.1,,18591
2020,11,26,331,9.2,4.2,-1.7,9.6,2.3,,0.5,93,79.8,3.6,,18592
2020,11,27,332,7.1,-1.7,-3.6,9.2,2.8,,0,93.1,65.3,0.7,,18593
2020,11,28,333,2.9,-3.6,0.4,7.1,1.7,,0,95.1,89.8,1.5,,18594
2020,11,29,334,2.1,0.4,-0.8,2.9,0.4,,0,89.8,84.7,1.1,,18595
2020,11,30,335,3.4,-0.8,2.1,2.1,0.7,,3.6,93.1,83.5,4.3,,18596
2020,12,1,336,4.7,2.1,2.1,3.4,0.5,,0.9,94.4,93,1.4,,18597
2020,12,2,337,4.2,2.1,0.7,4.7,0.4,,0.3,94,87.6,2.2,,18598
2020,12,3,338,2.5,0.7,2.2,4.2,0.6,,0.3,90.7,83.2,6.6,,18599
2020,12,4,339,3.7,2.2,2.2,2.5,0.8,,0.7,90.5,74,5.5,,18600
2020,12,5,340,5.7,2.2,1.4,3.7,0.4,,0.4,91.5,80.2,3.9,,18601
2020,12,6,341,6.8,1.4,5.3,5.7,0.5,,1.4,93.6,90.3,2.7,,18602
2020,12,7,342,7.3,5.3,2.6,6.8,0.4,,0.5,91.7,82.5,6.4,,18603
2020,12,8,343,6.1,2.6,3.4,7.3,0.9,,0,92.1,77.1,2.3,,18604
2020,12,9,344,4.9,3.4,2,6.1,0.6,,0.4,92.5,81.8,2.8,,18605
2020,12,10,345,3.6,2,1.8,4.9,0.2,,1.7,93.2,87.7,3.3,,18606
2020,12,11,346,2.8,1.8,2.7,3.6,0.2,,0.1,92.5,85.8,4.8,,18607
2020,12,12,347,3.9,2.7,2.5,2.8,0.2,,0.1,90.9,83.4,4.1,,18608
2020,12,13,348,4.6,2.5,3.6,3.9,0.6,,0,88.4,80.4,3.2,,18609
2020,12,14,349,8.6,3.6,7.1,4.6,0.3,,2.6,93.4,85.9,6.3,,18610
2020,12,15,350,8.5,7.1,4.9,8.6,0.4,,0.2,93.7,90,3.4,,18611
2020,12,16,351,7.6,4.9,5.5,8.5,0.8,,0,93.9,85.6,3.2,,18612
2020,12,17,352,7.7,5.5,6,7.6,0.5,,4,94.1,91.1,4.3,,18613
2020,12,18,353,8.4,6,3.8,7.7,0.8,,1.2,92.3,84.1,4.9,,18614
2020,12,19,354,7.6,3.8,6.1,8.4,2,,0.3,92.9,85.5,5.3,,18615
2020,12,20,355,8.6,6.1,4.6,7.6,0.7,,0.8,93,83.4,4.3,,18616
2020,12,21,356,7.1,4.6,4.8,8.6,1.5,,2.3,91.7,84.6,4.3,,18617
2020,12,22,357,8.2,4.8,0.3,7.1,0.9,,5.1,94.5,78.4,5.2,,18618
2020,12,23,358,5.6,0.3,-1,8.2,1.1,,0.1,93.5,77.1,2.3,,18619
2020,12,24,359,2.6,-1,-3.6,5.6,1.6,,0.1,94.8,80.9,2.6,,18620
2020,12,25,360,2.9,-3.6,-1.1,2.6,2.2,,0,89,74.7,1.6,,18621
2020,12,26,361,5.8,-1.1,2.5,2.9,0.7,,6.9,93.1,81.6,4.2,,18622
2020,12,27,362,5.8,2.5,1.7,5.8,0.5,,8.8,92.6,86.4,9.6,,18623
2020,12,28,363,3.4,1.7,1.4,5.8,0.4,,5,93.5,89.4,4.6,,18624
2020,12,29,364,3.6,1.4,1.5,3.4,0.2,,4.7,94.2,93,1.6,,18625
2020,12,30,365,3.6,1.5,0.8,3.6,0.6,,0.7,94.5,93.9,1.5,,18626
2020,12,31,366,2.6,0.8,-0.9,3.6,0.5,,0,95.7,94.5,1.1,,18627
2021,1,1,1,1.4,-0.9,-0.5,2.6,1.1,,0,96.4,95.7,0.2,,18628
2021,1,2,2,1.4,-0.5,0.4,1.4,1.1,,0.4,96.3,95.8,0.3,,18629
2021,1,3,3,2.5,0.4,-1.3,1.4,0.9,,0.1,95.8,82.4,2.9,,18630
2021,1,4,4,0.9,-1.3,0,2.5,0.5,,0.2,92,76,3.2,,18631
2021,1,5,5,2,0,-0.7,0.9,0.7,,0.7,94,72,3,,18632
2021,1,6,6,0.6,-0.7,-0.1,2,0.4,,1.1,94.2,79,3.1,,18633
2021,1,7,7,0.3,-0.1,-1,0.6,0.4,,2.6,95.3,93,1.9,,18634
2021,1,8,8,0.2,-1,-0.5,0.3,0.8,,0.3,93.6,90.3,2.8,,18635
2021,1,9,9,0.8,-0.5,-1.2,0.2,0.8,,0.1,94.4,81.5,1.6,,18636
2021,1,10,10,3.1,-1.2,-0.6,0.8,1.6,,2.2,94.3,88.3,3,,18637
2021,1,11,11,6.1,-0.6,-0.8,3.1,1.1,,8.4,94.3,88.1,5.1,,18638
2021,1,12,12,2.3,-0.8,-1.3,6.1,2.1,,0.8,94.1,75.8,4,,18639
2021,1,13,13,2.3,-1.3,-2.5,2.3,1,,5.3,94.3,76.9,4.9,,18640
2021,1,14,14,-0.5,-2.5,-6.6,2.3,0.6,,0,89.2,78.2,3.1,,18641
2021,1,15,15,-1.7,-6.6,-9.7,-0.5,1.2,,0,88.4,76.1,1.7,,18642
2021,1,16,16,-2.5,-9.7,-2.7,-1.7,4.2,,0,92.8,82.9,1.4,,18643
2021,1,17,17,0.2,-2.7,-1.6,-2.5,2.6,,0,91.4,81.6,3.2,,18644
2021,1,18,18,2.2,-1.6,0.4,0.2,1.1,,2.9,95.7,86,3.2,,18645
2021,1,19,19,2.7,0.4,1.3,2.2,0.9,,2.2,95.7,94.6,2.5,,18646
2021,1,20,20,7.1,1.3,3.2,2.7,0.6,,15,95.5,84.1,5.1,,18647
2021,1,21,21,6.6,3.2,2.9,7.1,2,,3.5,88.2,71.6,8,,18648
2021,1,22,22,5.1,2.9,0.8,6.6,2.1,,3,90.4,74.9,6.4,,18649
2021,1,23,23,3.7,0.8,0.5,5.1,1.7,,0,92.8,83,3.5,,18650
2021,1,24,24,2.1,0.5,-0.8,3.7,1.5,,0.8,94.8,90.2,1.2,,18651
2021,1,25,25,1.5,-0.8,-2.2,2.1,1.7,,1.1,95.6,94.3,1.5,,18652
2021,1,26,26,0.5,-2.2,-2.6,1.5,2.3,,0,96,93.5,0.5,,18653
2021,1,27,27,1.7,-2.6,-6.8,0.5,1.3,,4.5,95.4,92.5,2.1,,18654
2021,1,28,28,-0.4,-6.8,-6.8,1.7,5.4,,0.3,95.4,77.2,1.7,,18655
2021,1,29,29,-1.5,-6.8,-7.6,-0.4,2.4,,0,93.5,79.7,1.7,,18656
2021,1,30,30,0.4,-7.6,-3.5,-1.5,3.4,,0.1,93.3,77,2.3,,18657
2021,1,31,31,2.4,-3.5,-7.8,0.4,5.7,,0,93.8,72.6,2.3,,18658
2021,2,1,32,1.7,-7.8,-8.8,2.4,5.4,,0,94.2,74,1.8,,18659
2021,2,2,33,-1.4,-8.8,-3.3,1.7,3.6,,0,95,90,0.7,,18660
2021,2,3,34,-1.5,-3.3,-6.2,-1.4,1.7,,0,89.8,78.3,5.3,,18661
2021,2,4,35,-3,-6.2,-6.5,-1.5,2.3,,0,86.3,75,4.1,,18662
2021,2,5,36,-3.1,-6.5,-6.6,-3,3.4,,0.1,88.2,65.4,4.1,,18663
2021,2,6,37,-2.5,-6.6,-5.8,-3.1,6.1,,0,77.5,62.3,5,,18664
2021,2,7,38,-3.1,-5.8,-4.2,-2.5,2.9,,0,82,60.9,5.3,,18665
2021,2,8,39,-2.3,-4.2,-5.4,-3.1,3.2,,0,83.9,67,6.5,,18666
2021,2,9,40,-3.4,-5.4,-7.4,-2.3,2.5,,0.4,87.6,60.8,4.9,,18667
2021,2,10,41,-2.7,-7.4,-11.8,-3.4,6.9,,0,88.5,55.8,2.6,,18668
2021,2,11,42,-4.4,-11.8,-12.5,-2.7,5.1,,0,88.3,65.4,2.3,,18669
2021,2,12,43,-1.5,-12.5,-11.7,-4.4,8.8,,0,87.4,57.4,1,,18670
2021,2,13,44,0.6,-11.7,-10.5,-1.5,8.5,,0,92.1,54.5,0.5,,18671
2021,2,14,45,0.5,-10.5,-3.8,0.6,7.8,,0,92,58.5,2,,18672
2021,2,15,46,0.8,-3.8,-4.9,0.5,2,,0.3,91.8,53.4,5.4,,18673
2021,2,16,47,0.8,-4.9,0.2,0.8,2.9,,9.1,94.6,90.5,3.8,,18674
2021,2,17,48,1,0.2,1,0.8,2.3,,9.2,95.8,94.4,2.2,,18675
2021,2,18,49,4,1,2.5,1,2.2,,0.9,95.8,90.4,6,,18676
2021,2,19,50,8,2.5,3.7,4,6.3,,4.2,94,76.5,3.4,,18677
2021,2,20,51,9.8,3.7,4,8,4.4,,0,89,76.8,5.1,,18678
2021,2,21,52,11.3,4,0.8,9.8,6.3,,0,92.1,72.2,3.1,,18679
2021,2,22,53,11.5,0.8,3.7,11.3,6.9,,0,94.2,62.6,2.8,,18680
2021,2,23,54,8.8,3.7,7.7,11.5,2.3,,0,94.8,78.3,3.2,,18681
2021,2,24,55,11.5,7.7,4.6,8.8,2.6,,0.1,89.3,73,4.9,,18682
2021,2,25,56,12.2,4.6,3.3,11.5,4.8,,0,87.4,69.5,5,,18683
2021,2,26,57,7.5,3.3,1.3,12.2,4.5,,0,91.6,77.5,5.9,,18684
2021,2,27,58,9.8,1.3,3.4,7.5,8.7,,0.1,95.1,64.8,3.8,,18685
2021,2,28,59,8.8,3.4,2.7,9.8,8.9,,0.1,92.7,72.9,4.5,,18686
2021,3,1,60,6.5,2.7,1,8.8,5,,0,94,82.1,4.3,,18687
2021,3,2,61,7.5,1,-2.3,6.5,11.2,,0,95.2,73,3.3,,18688
2021,3,3,62,3.9,-2.3,-3.2,7.5,6.8,,0,96.1,83.6,2.1,,18689
2021,3,4,63,4.7,-3.2,-4.6,3.9,11.9,,0,95.3,45.2,3,,18690
2021,3,5,64,5.3,-4.6,-1.6,4.7,12.2,,0,91.6,39.8,1.3,,18691
2021,3,6,65,5,-1.6,-1.8,5.3,5.9,,0.2,92.3,73.1,6.3,,18692
2021,3,7,66,5.7,-1.8,-5.3,5,11.4,,0,86.1,34.3,4.9,,18693
2021,3,8,67,4.9,-5.3,-6.1,5.7,13,,0,87.3,35.6,1.1,,18694
2021,3,9,68,6.6,-6.1,-4.1,4.9,13.6,,0,90.8,36.3,0.8,,18695
2021,3,10,69,4.6,-4.1,1.6,6.6,6.2,,2.4,90,51,4.6,,18696
2021,3,11,70,6.9,1.6,2.7,4.6,2.4,,19.8,93.6,88,7.5,,18697
2021,3,12,71,6.1,2.7,1.3,6.9,5.8,,0.9,91.3,74.1,5,,18698
2021,3,13,72,4.6,1.3,1.4,6.1,3.1,,4,94,84.2,3.6,,18699
2021,3,14,73,6.7,1.4,0.4,4.6,8.6,,1.4,94.1,74.7,4.5,,18700
2021,3,15,74,6.3,0.4,-1.9,6.7,6.3,,1.1,93.1,65.2,4.3,,18701
2021,3,16,75,9.6,-1.9,-0.1,6.3,13.2,,0,95,49.2,1.1,,18702
2021,3,17,76,6.6,-0.1,-1.9,9.6,8,,0,95,55.6,1.4,,18703
2021,3,18,77,6.4,-1.9,-2.2,6.6,11.9,,0,89.7,45.5,1.7,,18704
2021,3,19,78,2.6,-2.2,-2,6.4,12.7,,0.1,91,34.7,2.2,,18705
2021,3,20,79,7,-2,0.5,2.6,4.7,,1.3,92.8,58.4,4.7,,18706
2021,3,21,80,7.6,0.5,-0.1,7,13.4,,0,91.1,49,4.9,,18707
2021,3,22,81,8.1,-0.1,4,7.6,6.2,,0.1,93.8,74.1,3.8,,18708
2021,3,23,82,8.3,4,4.5,8.1,8.2,,0,89.1,69.6,3.9,,18709
2021,3,24,83,10.9,4.5,2.6,8.3,9,,0.3,92.8,63.4,4.2,,18710
2021,3,25,84,11,2.6,2.8,10.9,12.9,,0,93,53.7,4,,18711
2021,3,26,85,10.4,2.8,1.5,11,6.9,,0.8,92.4,68.8,4.8,,18712
2021,3,27,86,7.9,1.5,3.2,10.4,8.1,,4.7,92.5,60,4.2,,18713
2021,3,28,87,7.4,3.2,7.5,7.9,3.5,,5.2,93.6,72,4.6,,18714
2021,3,29,88,10.7,7.5,7.3,7.4,2.8,,3.1,93.3,84.8,5.2,,18715
2021,3,30,89,15,7.3,4.6,10.7,16.3,,0,90.4,67.2,4.7,,18716
2021,3,31,90,15.7,4.6,2.8,15,10.2,,0,93.6,48.7,2.9,,18717
2021,4,1,91,10.7,2.8,1.9,15.7,17.5,,0.4,92,45.3,3.8,,18718
2021,4,2,92,10.1,1.9,0.3,10.7,15.7,,0,92.4,45.6,4,,18719
2021,4,3,93,9.4,0.3,0.6,10.1,17.7,,0,84.5,39,1.6,,18720
2021,4,4,94,7.6,0.6,-0.7,9.4,6.4,,3.2,91,72.7,6,,18721
2021,4,5,95,5.3,-0.7,1,7.6,11.5,,1.8,91.1,48.5,5.5,,18722
2021,4,6,96,5.8,1,1,5.3,16.2,,0.3,77.7,47.5,4.6,,18723
2021,4,7,97,7.1,1,0.6,5.8,12.3,,1.2,89.5,59,4,,18724
2021,4,8,98,5.5,0.6,0.4,7.1,8.9,,3.4,92.1,50.4,5.2,,18725
2021,4,9,99,7.1,0.4,-1.2,5.5,14.8,,1.6,88.3,47.3,7.3,,18726
2021,4,10,100,7.3,-1.2,-0.9,7.1,16.3,,0.2,89.9,50.1,3.5,,18727
2021,4,11,101,1.9,-0.9,0.3,7.3,3.7,,8.1,93.7,83.6,2.8,,18728
2021,4,12,102,6.4,0.3,0.9,1.9,15.8,,0.5,93.1,53.1,4.8,,18729
2021,4,13,103,7.7,0.9,-0.6,6.4,16.8,,0.1,90.7,44.1,3.6,,18730
2021,4,14,104,8.8,-0.6,-2.3,7.7,17.9,,0,89,33.9,1.2,,18731
2021,4,15,105,9.7,-2.3,-0.3,8.8,15.8,,0,83.3,36.1,1.2,,18732
2021,4,16,106,11.4,-0.3,2.8,9.7,18.6,,0,84.8,31.8,1.5,,18733
2021,4,17,107,13,2.8,5.4,11.4,16.7,,0,82.1,30.1,2.9,,18734
2021,4,18,108,14.6,5.4,3.8,13,20.9,,0,76.9,39.7,2.4,,18735
2021,4,19,109,16.1,3.8,3.7,14.6,21.7,,0,82.8,27.3,2,,18736
2021,4,20,110,17.3,3.7,4.4,16.1,22.7,,0,87.2,33.3,2.5,,18737
2021,4,21,111,8.5,4.4,2.9,17.3,19.5,,0.3,90.8,51.5,7,,18738
2021,4,22,112,10.2,2.9,2.5,8.5,23.9,,0.2,83.3,41.5,6,,18739
2021,4,23,113,10.1,2.5,1,10.2,16.3,,0.1,85.1,47,5,,18740
2021,4,24,114,9.7,1,-1.3,10.1,23,,0.1,83.6,33.2,2.7,,18741
2021,4,25,115,8.7,-1.3,-1.5,9.7,23.6,,0,83.9,27.3,2.4,,18742
2021,4,26,116,9.2,-1.5,-2.8,8.7,17.7,,0,88.1,31.4,1,,18743
2021,4,27,117,11.6,-2.8,0.8,9.2,23.1,,0,86.3,29.5,1.2,,18744
2021,4,28,118,10.7,0.8,2.2,11.6,15.7,,0,80.4,39.4,2.3,,18745
2021,4,29,119,11.2,2.2,4.2,10.7,18.4,,0.3,85.9,38.6,3.7,,18746
2021,4,30,120,8.1,4.2,3.9,11.2,4.2,,8.7,89.2,58.5,1.9,,18747
2021,5,1,121,11.9,3.9,3.8,8.1,12.9,,9.2,90.7,38.6,2.7,,18748
2021,5,2,122,12.2,3.8,4,11.9,18.2,,0,81,36.6,3.1,,18749
2021,5,3,123,9.2,4,4.2,12.2,16.4,,0.9,87.4,51.1,3.5,,18750
2021,5,4,124,9.3,4.2,4.5,9.2,5.8,,9.8,92.5,79.4,5.3,,18751
2021,5,5,125,8.1,4.5,3.3,9.3,8.5,,4.1,93.6,74.7,3.8,,18752
2021,5,6,126,7,3.3,2.7,8.1,10.9,,2.6,91.7,70.9,2.8,,18753
2021,5,7,127,8.7,2.7,3.3,7,15.8,,8.1,90.9,65.3,2.2,,18754
2021,5,8,128,11.2,3.3,6.6,8.7,20.6,,0.7,90.7,42.5,3.9,,18755
2021,5,9,129,20.3,6.6,9.7,11.2,18.6,,10.9,94.1,46.2,5.4,,18756
2021,5,10,130,21.6,9.7,9.2,20.3,15,,0.2,92.3,53.1,3.9,,18757
2021,5,11,131,14.5,9.2,9.6,21.6,8.6,,0.2,89.4,68.1,1.8,,18758
2021,5,12,132,11.8,9.6,8.9,14.5,4.5,,4.1,93.8,88.8,2.7,,18759
2021,5,13,133,14,8.9,8.7,11.8,11.5,,0.8,93.6,71.9,2.4,,18760
2021,5,14,134,14.9,8.7,7.2,14,9.3,,1.2,93.7,80.9,2.3,,18761
2021,5,15,135,10.6,7.2,6.7,14.9,7.6,,13.1,92.7,70.8,3.1,,18762
2021,5,16,136,13.3,6.7,7.6,10.6,6.7,,2.1,92.3,71.9,1.9,,18763
2021,5,17,137,12.7,7.6,5.9,13.3,11.2,,5.5,94,76.7,1.5,,18764
2021,5,18,138,13.3,5.9,4.9,12.7,16.1,,0.1,91.7,58.8,2.5,,18765
2021,5,19,139,12.3,4.9,5.9,13.3,12.2,,0.2,93,64.9,3,,18766
2021,5,20,140,11.6,5.9,6.1,12.3,20,,1.7,90.3,56.1,4.4,,18767
2021,5,21,141,13.5,6.1,8.5,11.6,15.2,,2,91,62.5,4.6,,18768
2021,5,22,142,11.9,8.5,5.8,13.5,10.8,,2.7,92.1,73.5,5.1,,18769
2021,5,23,143,10,5.8,4.7,11.9,8.6,,5.2,93.2,58.4,4.8,,18770
2021,5,24,144,13.9,4.7,8.6,10,8.5,,2.1,92.6,63.2,3.1,,18771
2021,5,25,145,13.9,8.6,7.9,13.9,7.2,,17.4,93.1,79.2,1.9,,18772
2021,5,26,146,9.4,7.9,6.7,13.9,6,,10.2,94.2,86.1,4.4,,18773
2021,5,27,147,14.6,6.7,5.6,9.4,15.3,,0.1,93.1,46.3,2.8,,18774
2021,5,28,148,13.9,5.6,7.1,14.6,23.9,,0.2,91.2,71.4,2.9,,18775
2021,5,29,149,20.4,7.1,6.4,13.9,27.8,,0,91.1,43.7,2.5,,18776
2021,5,30,150,22.3,6.4,7.4,20.4,28.8,,0,92,44.4,1.5,,18777
2021,5,31,151,18.7,7.4,6.9,22.3,28.9,,0,94.7,47,2.8,,18778
2021,6,1,152,19.4,6.9,9.2,18.7,20.7,,0,94.3,47.8,1.8,,18779
2021,6,2,153,16.6,9.2,11.7,19.4,21.2,,0,87.9,57.5,3.5,,18780
2021,6,3,154,20.1,11.7,12.4,16.6,13.7,,13.2,91.1,53.4,4.8,,18781
2021,6,4,155,21.6,12.4,11.1,20.1,24.9,,0,83.4,51.3,2.9,,18782
2021,6,5,156,22.8,11.1,13.4,21.6,27.4,,0,89.5,40.1,2.7,,18783
2021,6,6,157,22.3,13.4,10.7,22.8,20,,0,87.2,37.8,2,,18784
2021,6,7,158,20.2,10.7,10.4,22.3,20.9,,0.3,90.7,55.2,2.6,,18785
2021,6,8,159,19.7,10.4,12.2,20.2,28.3,,0,86.3,50,3.7,,18786
2021,6,9,160,20,12.2,10.7,19.7,28.4,,0,90.1,54.1,3.1,,18787
2021,6,10,161,22.9,10.7,12.2,20,25.5,,0,91,51.2,2.3,,18788
2021,6,11,162,22.3,12.2,11.4,22.9,14.4,,0,92.7,63.5,3.5,,18789
2021,6,12,163,15.5,11.4,10.6,22.3,22.5,,0.1,85.5,50.5,6.5,,18790
2021,6,13,164,17.7,10.6,10.1,15.5,29,,0.1,83.3,50.8,5.8,,18791
2021,6,14,165,19.9,10.1,8.6,17.7,15,,1.4,91.5,58.8,4.4,,18792
2021,6,15,166,16.3,8.6,6.6,19.9,26.1,,0,90.8,49.7,3.9,,18793
2021,6,16,167,21.3,6.6,12.2,16.3,29.8,,0,92.2,42.9,2.8,,18794
2021,6,17,168,28.2,12.2,15.4,21.3,24.7,,0,88.2,52,4.8,,18795
2021,6,18,169,21,15.4,12.7,28.2,14.5,,0,92.7,61,2.2,,18796
2021,6,19,170,25,12.7,12.7,21,20.5,,0.6,90.9,63.4,3,,18797
2021,6,20,171,22.6,12.7,11.8,25,12,,12.3,93.6,67.7,3.7,,18798
2021,6,21,172,14.4,11.8,11.4,22.6,10.9,,0.2,88.3,72.3,2.9,,18799
2021,6,22,173,19.7,11.4,10.3,14.4,18.4,,0,88,65.2,2.7,,18800
2021,6,23,174,18.8,10.3,8,19.7,17.9,,0,92.2,67,2.4,,18801
2021,6,24,175,19.3,8,10.4,18.8,28.5,,0,92.8,55.6,2.4,,18802
2021,6,25,176,18.5,10.4,11.1,19.3,14.5,,0,91.5,61.6,1.7,,18803
2021,6,26,177,17.7,11.1,11.3,18.5,8.3,,0,93.7,76.7,2.4,,18804
2021,6,27,178,18.9,11.3,9.9,17.7,21.7,,0,90.6,51.5,3.4,,18805
2021,6,28,179,20.1,9.9,9.7,18.9,30.2,,0,90.2,50.8,2.9,,18806
2021,6,29,180,18,9.7,11.3,20.1,21,,0,91.6,68.8,2.2,,18807
2021,6,30,181,21,11.3,13.6,18,18.1,,0,91.9,48.2,2.2,,18808
2021,7,1,182,21.6,13.6,14.5,21,24.8,,0,91.1,52,3.1,,18809
2021,7,2,183,21.6,14.5,14.7,21.6,9.3,,42.8,92.9,74.3,2,,18810
2021,7,3,184,18.3,14.7,15.5,21.6,6,,17.4,94.7,89.5,2,,18811
2021,7,4,185,23.1,15.5,13.3,18.3,19.1,,0,94.5,44.4,1.9,,18812
2021,7,5,186,22.2,13.3,11.7,23.1,16.5,,9.4,93.3,65.2,3.1,,18813
2021,7,6,187,22.4,11.7,13.5,22.2,12.6,,2.8,94.3,70,3.4,,18814
2021,7,7,188,21,13.5,13,22.4,25.2,,0,90.3,53.6,3.9,,18815
2021,7,8,189,22.5,13,13.2,21,20.8,,6.3,91.9,53.8,2.1,,18816
2021,7,9,190,22.5,13.2,14.6,22.5,17.6,,1.8,93.8,62,1.7,,18817
2021,7,10,191,20.4,14.6,12.9,22.5,15.6,,0.3,92.3,68,3.7,,18818
2021,7,11,192,21.5,12.9,12.5,20.4,20.2,,0,88,58,1.9,,18819
2021,7,12,193,24.9,12.5,16.9,21.5,24.5,,0,90.5,50.6,3.2,,18820
2021,7,13,194,24.8,16.9,16.9,24.9,23,,0,88.7,63.2,2.7,,18821
2021,7,14,195,27.9,16.9,16,24.8,25.4,,0,92,51.8,1.4,,18822
2021,7,15,196,24.9,16,13.8,27.9,25.9,,0,92.6,61.2,2.9,,18823
2021,7,16,197,27.5,13.8,14.6,24.9,27.7,,0,93.5,46.2,2.6,,18824
2021,7,17,198,22.6,14.6,12.7,27.5,27.7,,0.1,90.5,49.8,4.2,,18825
2021,7,18,199,17.2,12.7,10.8,22.6,17.9,,0.1,88.3,58.8,5.5,,18826
2021,7,19,200,21.7,10.8,11.7,17.2,25.9,,0.1,90.1,57,3.4,,18827
2021,7,20,201,19,11.7,14.1,21.7,15.6,,0,85.1,61.7,4.9,,18828
2021,7,21,202,19.3,14.1,13.7,19,11.4,,0,83.6,62.3,2.3,,18829
2021,7,22,203,21.5,13.7,14,19.3,19,,0,91.4,59.2,2.5,,18830
2021,7,23,204,23.1,14,10.7,21.5,21.5,,0,89,51.9,1.7,,18831
2021,7,24,205,25.3,10.7,16.1,23.1,25.7,,0,93.5,41.5,2.2,,18832
2021,7,25,206,22.6,16.1,17.6,25.3,10.3,,0.3,91,69,3.9,,18833
2021,7,26,207,26.1,17.6,15.5,22.6,16.5,,1.2,90.1,58.3,3.1,,18834
2021,7,27,208,24.9,15.5,14.2,26.1,18.1,,2.8,92.6,56.7,1.7,,18835
2021,7,28,209,20.2,14.2,12.9,24.9,15.4,,3.3,94.1,72.6,2.8,,18836
2021,7,29,210,17.4,12.9,13.3,20.2,14.1,,8.9,92.5,67.2,3.7,,18837
2021,7,30,211,20.2,13.3,13.3,17.4,16.5,,0.8,93.6,67.3,4.4,,18838
2021,7,31,212,19.3,13.3,12,20.2,14.9,,0,92.4,64.7,3.5,,18839
2021,8,1,213,17.5,12,12,19.3,16.2,,2.1,86.4,57.4,4.2,,18840
2021,8,2,214,18.4,12,9.2,17.5,21.3,,0.1,92.3,60.5,3.8,,18841
2021,8,3,215,17.7,9.2,7.8,18.4,21.7,,0,89.6,53.4,3.4,,18842
2021,8,4,216,18.8,7.8,7.6,17.7,14.3,,0,92.7,52.1,1.3,,18843
2021,8,5,217,20.4,7.6,12,18.8,14.8,,0,92.5,49,1.5,,18844
2021,8,6,218,22.6,12,11.7,20.4,20.5,,0,89.2,42.1,5.1,,18845
2021,8,7,219,19,11.7,11.3,22.6,7.5,,28.5,92.3,69.5,2.9,,18846
2021,8,8,220,19.5,11.3,12.7,19,11.7,,11,94.3,69.1,2.2,,18847
2021,8,9,221,20,12.7,12.3,19.5,14.8,,3.2,93.2,57.4,3.2,,18848
2021,8,10,222,18.8,12.3,11.2,20,11.3,,5.3,92.8,66,1.7,,18849
2021,8,11,223,20.2,11.2,12.7,18.8,18.1,,0,94.3,59.5,2.4,,18850
2021,8,12,224,22.7,12.7,13.7,20.2,13.1,,0,93.4,58.7,2,,18851
2021,8,13,225,21.7,13.7,12.4,22.7,13,,0.2,94.3,60.2,3.4,,18852
2021,8,14,226,19.4,12.4,12.7,21.7,15.6,,3.7,90.7,58.7,4.3,,18853
2021,8,15,227,18,12.7,11.2,19.4,13.2,,3.6,91.8,62.4,3.1,,18854
2021,8,16,228,15.1,11.2,11.9,18,6.8,,14.7,94.6,82.9,1.6,,18855
2021,8,17,229,19.8,11.9,13.3,15.1,19.4,,0.4,93.3,55.7,5.3,,18856
2021,8,18,230,16.6,13.3,12,19.8,7.1,,1.9,91.2,70.6,5.6,,18857
2021,8,19,231,17.3,12,10.3,16.6,17,,0,86.7,59.4,5.1,,18858
2021,8,20,232,17.8,10.3,9.1,17.3,14.3,,0,89.4,54.2,3.5,,18859
2021,8,21,233,17.6,9.1,8.2,17.8,14.8,,0.2,91,54,1.5,,18860
2021,8,22,234,20.6,8.2,7.7,17.6,18.3,,0.1,93.1,50.2,1.7,,18861
2021,8,23,235,21.8,7.7,8.8,20.6,21.1,,0,94.4,43,1.3,,18862
2021,8,24,236,21.1,8.8,13.3,21.8,19.8,,0.1,94.3,46.7,2.2,,18863
2021,8,25,237,19.6,13.3,11.2,21.1,11.9,,0.1,88.6,60.5,5.1,,18864
2021,8,26,238,15.6,11.2,13.4,19.6,6.6,,0,73.5,60.2,3.9,,18865
2021,8,27,239,16.3,13.4,12.9,15.6,4.3,,0.1,90.2,73.7,4.1,,18866
2021,8,28,240,18.2,12.9,12.9,16.3,8.7,,0,88,65.7,3,,18867
2021,8,29,241,21.4,12.9,10.8,18.2,12.5,,0,90.4,64.2,2.5,,18868
2021,8,30,242,21.2,10.8,8.7,21.4,19.7,,0,93.9,41.7,2.2,,18869
2021,8,31,243,22.8,8.7,10.9,21.2,19,,0,94.6,48.7,1.2,,18870
2021,9,1,244,22.3,10.9,12.7,22.8,17.9,,0,95.3,52.3,2,,18871
2021,9,2,245,21.1,12.7,10.8,22.3,14.5,,0,93.2,61.6,2.6,,18872
2021,9,3,246,19.9,10.8,8.9,21.1,18.6,,0,93.3,57.9,3.1,,18873
2021,9,4,247,19.6,8.9,6,19.9,18.8,,0,91.3,38.2,2.6,,18874
2021,9,5,248,18.9,6,6.1,19.6,18.9,,0,91.1,32.8,2.2,,18875
2021,9,6,249,18,6.1,10.2,18.9,9.9,,0,91.8,57.7,1,,18876
2021,9,7,250,20.3,10.2,14.1,18,9.8,,0,95.2,61.6,1.8,,18877
2021,9,8,251,23.6,14.1,12.2,20.3,15.7,,0,90.4,53.5,1.9,,18878
2021,9,9,252,24.6,12.2,12.2,23.6,16.4,,0,92.6,40.9,2.1,,18879
2021,9,10,253,21.1,12.2,16.6,24.6,7.3,,0.9,93,65.4,1.6,,18880
2021,9,11,254,20,16.6,13.3,21.1,6.9,,37.9,94,80,1.8,,18881
2021,9,12,255,17.9,13.3,12.6,20,7.8,,0.3,92.1,76.1,3.9,,18882
2021,9,13,256,17.3,12.6,12,17.9,6.2,,0,91.7,76.9,1.7,,18883
2021,9,14,257,20.3,12,11.7,17.3,12,,0,95.1,57.7,1.2,,18884
2021,9,15,258,15.2,11.7,11.1,20.3,3.2,,22.8,94.1,78.5,3.4,,18885
2021,9,16,259,14.8,11.1,10.1,15.2,4,,1.4,95,87.6,3,,18886
2021,9,17,260,12.5,10.1,11.5,14.8,3.9,,0.1,93,86.4,3.6,,18887
2021,9,18,261,15,11.5,8.9,12.5,4.5,,0,93.3,78.3,2.5,,18888
2021,9,19,262,12.5,8.9,9.4,15,4.9,,0,84.4,64.4,2.1,,18889
2021,9,20,263,12.7,9.4,7.4,12.5,7.8,,0,86,62.8,1.5,,18890
2021,9,21,264,15.2,7.4,9.7,12.7,7.5,,1.7,91.7,69,3.1,,18891
2021,9,22,265,19.2,9.7,11.3,15.2,13.6,,0,93.2,59,3.4,,18892
2021,9,23,266,15,11.3,10.4,19.2,5.7,,9.7,92.8,62.9,6.7,,18893
2021,9,24,267,16.4,10.4,8.9,15,4.4,,0.3,92.6,72.3,4.4,,18894
2021,9,25,268,15.8,8.9,8.2,16.4,12.4,,0,91.8,63.3,3.5,,18895
2021,9,26,269,17.7,8.2,13.3,15.8,10.1,,0,93.7,67.8,3,,18896
2021,9,27,270,17.1,13.3,8.6,17.7,2.2,,2.7,93.6,84,4.4,,18897
2021,9,28,271,17.6,8.6,10.1,17.1,11.9,,0,93.6,58.8,1.6,,18898
2021,9,29,272,15.1,10.1,8.8,17.6,6.9,,0,94.8,70.7,3.5,,18899
2021,9,30,273,13.6,8.8,10.4,15.1,6.5,,19.3,93.8,73.9,2.9,,18900
2021,10,1,274,13.9,10.4,0,13.6,2.7,,8.8,92.9,78.1,7.2,,18901
