"Date ID","Year","Month","Day","DOY","Temperature.C","Depth.cm","Volume.m3","Evaporation.cm","Precipitation.cm","total radiation","snow depth","temp.05","temp.15","temp.25","In.M.temp","Solar absorb"
18398,"2020","05","16",137,10.7823244307806,185,1849.74261107314,0.320334878528596,0.17,39556.8235923721,0,0,0,0,12.6970665429696,0.85
18399,"2020","05","17",138,10.7253076925778,185.849665121471,1858.238080156,0.256771666710245,0.12,47549.707594187,0,13.7710524983268,8.43690480780458,8.45934656878762,12.7647631291174,0.85
18400,"2020","05","18",139,11.2857008239236,186.712893454761,1866.86916248666,0.159511131631174,0.06,61949.0328827862,0,13.4705438429831,8.48936280024009,8.48496962850072,12.8322330994451,0.85
18401,"2020","05","19",140,11.1574519732326,187.61338232313,1875.87279832784,0.173276048036202,0.02,36191.544730716,0,13.3143557107525,8.54802666563847,8.51249441655017,12.8994564611444,0.85
18402,"2020","05","20",141,11.0840733970276,188.460106275094,1884.33885980764,0.260272214696218,0,67363.3634023167,0,13.3491880712812,8.61006999902668,8.54096721765904,12.9664132944823,0.85
18403,"2020","05","21",142,11.9165744993362,189.199834060398,1891.7351084837,0.205736899771387,0,86333.8758770084,0,13.3446105190518,8.67383006482976,8.56995825039098,13.0330837587042,0.85
18404,"2020","05","22",143,12.2790724788289,189.994097160626,1899.67663443449,0.302877828849896,0,98639.8115473147,0,13.4810188213354,8.74207362799262,8.60193498125841,13.0994480979127,0.85
18405,"2020","05","23",144,11.6144806670532,190.691219331776,1906.64688624584,0.321146064462541,0.25,36815.9048995906,0,13.9283344347746,8.80941215514707,8.63447896895661,13.1654866469216,0.85
18406,"2020","05","24",145,12.1129244052087,191.620073267314,1915.93413329464,0.147313225432249,0,53934.4750765696,0,14.2710299569564,8.88189756888494,8.6721930158555,13.2311798370839,0.85
18407,"2020","05","25",146,12.5709154221687,192.472760041881,1924.45981470446,0.147152399050235,0,63042.9705040805,0,14.3482640873171,8.95163465191945,8.70982093078709,13.2965082020893,0.85
18408,"2020","05","26",147,13.4598290423977,193.325607642831,1932.98710415434,0.141640499691814,0,88219.2412648123,0,14.5641093402132,9.02018220454198,8.74848664817966,13.3614523837336,0.85
18409,"2020","05","27",148,12.9222034751864,194.183967143139,1941.56950492915,0.23017766908052,0.28,43607.2036455057,0,16.0854850938175,9.18450235980282,8.78790500660733,13.425993137654,0.85
18410,"2020","05","28",149,12.6650430010793,195.233789474059,1952.06626762946,0.303612965160794,0,57282.9339610101,0,16.6930331506881,9.26089060637958,8.83047300337302,13.4901113390322,0.85
18411,"2020","05","29",150,12.8390336418474,195.930176508898,1959.02916910049,0.232967460016775,0,52764.9719740217,0,16.7010506110997,9.32902644636891,8.86801562104529,13.5537879882615,0.85
18412,"2020","05","30",151,12.7678331554925,196.697209048881,1966.69842733447,0.339567520012471,0,64055.6879135531,0,16.5532069547947,9.39855926521881,8.90740653212629,13.6170042165764,0.85
18413,"2020","05","31",152,13.3220338274724,197.357641528869,1973.30183328026,0.304921961536033,0,105630.64349409,0,16.4751824340465,9.46625290576361,8.9455521972115,13.679741291644,0.85
18414,"2020","06","01",153,14.2476191081822,198.052719567333,1980.25164660873,0.197887446063434,0,94693.1331396847,0,16.6926036432175,9.53558487616675,8.98472327127433,13.7419806231152,0.85
18415,"2020","06","02",154,14.3436280121379,198.854832121269,1988.27165617572,0.24560478737777,0,105757.490074663,0,17.3428548430489,9.60814646415162,9.02575815327043,13.8037037681327,0.85
18416,"2020","06","03",155,14.2629683078173,199.609227333892,1995.8145587183,0.327307259708402,0,90219.3593578664,0,18.2339549195074,9.68040501362452,9.06631400706846,13.8648924367966,0.85
18417,"2020","06","04",156,14.1474055873022,200.281920074183,2002.54055020953,0.254342900887375,0,54804.7419059464,0,18.7791337390829,9.7512822566411,9.1061917871192,13.9255284975839,0.85
18418,"2020","06","05",157,14.1227850193442,201.027577173296,2009.99608377427,0.181420381502591,0.71,46771.1779340092,0,18.8611201682479,9.82218533604737,9.14770359709058,13.9855939827209,0.85
18419,"2020","06","06",158,13.8466296725501,202.556156791793,2025.27975325942,0.136455001560797,0.89,40628.105611463,0,18.7484361136928,10.0808658487885,9.20041456930704,14.0450710935083,0.85
18420,"2020","06","07",159,13.7905141599463,204.309701790232,2042.81276355157,0.368868943655851,0,68398.6301581278,0,18.5586315516055,10.168127610183,9.25444521151314,14.1039422055944,0.85
18421,"2020","06","08",160,14.399860918284,204.940832846577,2049.12319602774,0.133950114398034,0,53881.6512394213,0,18.3389571383892,10.2333656952051,9.29151206755733,14.1621898741982,0.85
18422,"2020","06","09",161,14.9193102824705,205.806882732179,2057.78248995591,0.165504585124315,0,77634.0063611021,0,18.330594584038,10.3039595474611,9.33350009659637,14.2197968392784,0.85
18423,"2020","06","10",162,14.9260375519785,206.641378147054,2066.1262830783,0.33149027625136,0,109232.4049996,0,18.6780506330234,10.3751400043043,9.37473490054748,14.276746030648,0.85
18424,"2020","06","11",163,14.7337806587948,207.309887870803,2072.81045022389,0.51292570289239,0,108741.526972756,0,19.1809423391913,10.444273939558,9.41369967546655,14.3330205730324,0.85
18425,"2020","06","12",164,15.225916178446,207.79696216791,2077.68051553264,0.299019675527623,0,97959.6561257429,0,19.5154552123826,10.510800415809,9.45061316570002,14.3886037910704,0.85
18426,"2020","06","13",165,15.2759440543334,208.497942492383,2084.6893435094,0.377225326185197,0,110421.943018816,0,19.7588790284286,10.5816279214891,9.49120304834469,14.4434792142549,0.85
18427,"2020","06","14",166,15.5442425986778,209.120717166198,2090.91622378644,0.349209781273537,0,110735.172129422,0,20.083998038769,10.6510406510382,9.53063506192092,14.4976305818135,0.85
18428,"2020","06","15",167,15.9594453620984,209.771507384924,2097.4232205348,0.276838146974595,0,86461.7775594502,0,20.4138535026488,10.7209459572463,9.57082563271092,14.5510418475274,0.85
18429,"2020","06","16",168,15.774776991836,210.49466923795,2104.65383293612,0.119605614068138,0.89,38924.4222415285,0,20.7461490574127,10.792184108697,9.61220253623355,14.603697184486,0.85
18430,"2020","06","17",169,15.7106897727122,212.265063623881,2122.35531366079,0.0968747121926369,0.6,39503.6431712618,0,20.973685382292,11.1468202795941,9.66796994776814,14.6555809897763,0.85
18431,"2020","06","18",170,16.97823970374,213.768188911689,2137.38447525343,0.0644555730268851,0,93695.5245989635,0,21.0131364997409,11.2351431760828,9.71745752801235,14.7066778891073,0.85
18432,"2020","06","19",171,17.31147334512,214.703733338662,2146.73861790815,0.178904861791679,0,108103.227749463,0,21.2985099692327,11.3139864860822,9.75889914123235,14.7569727413649,0.85
18433,"2020","06","20",172,17.2029472239057,215.52482847687,2154.94842690755,0.227838180207658,0,103814.343585012,0,22.1010764744235,11.3911449391908,9.79973822002398,14.8064506430988,0.85
18434,"2020","06","21",173,17.2015556539143,216.296990296663,2162.6689708033,0.331313175766519,0,111449.550354903,0,22.866270394886,11.4678616066921,9.84035862937833,14.855096932939,0.85
18435,"2020","06","22",174,16.9992125770477,216.965677120896,2169.35490870734,0.339002031281411,0,74054.1854318255,0,23.3525949696631,11.5434437005205,9.87990470604984,14.90289719594,0.85
18436,"2020","06","23",175,17.9886794236127,217.626675089615,2175.96396875368,0.153167814454354,0,94158.9728380898,0,23.5365727019816,11.6195516921049,9.91982052420542,14.9498372678521,0.85
18437,"2020","06","24",176,18.5369627290933,218.47350727516,2184.43111241872,0.182692576930746,0,110487.115854113,0,23.7066862289814,11.6993090157412,9.96254573470821,14.9959032393191,0.85
18438,"2020","06","25",177,18.8835314003633,219.29081469823,2192.60304953654,0.214417879853672,0,104556.949425676,0,24.3007317890585,11.779756250577,10.0046670383349,15.0410814599994,0.85
18439,"2020","06","26",178,18.9792569164707,220.076396818376,2200.45777776428,0.310199585808131,0,108671.753244081,0,25.0882118272441,11.8612151854644,10.0465110993714,15.0853585426111,0.85
18440,"2020","06","27",179,19.2577286861996,220.766197232568,2207.35482219275,0.230877889509415,0,96205.3725396451,0,25.7898412192241,11.9429544442827,10.0873211962471,15.1287213668992,0.85
18441,"2020","06","28",180,19.0488588287051,221.535319343058,2215.0449732246,0.248224149302626,0,74218.7461566923,0,26.339673777581,12.0274973614139,10.1296618308911,15.171157083523,0.85
18442,"2020","06","29",181,18.7095813028805,222.287095193756,2222.56168579223,0.213491121954315,0.29,61190.1643683025,0,26.6935619014189,12.1134367354306,10.1719286771672,15.2126531178637,0.85
18443,"2020","06","30",182,18.0753616288588,223.363604071801,2233.32527683504,0.280619380691818,0.36,39997.9324325724,0,28.3436741385156,12.6163582105693,10.2187891422367,15.2531971737509,0.85
18444,"2020","07","01",183,17.7777462467761,224.44298469111,2244.11758129504,0.304609693405238,0.05,48729.5935508466,0,27.5463629540849,12.7200202946293,10.2651473376501,15.2927772371057,0.85
18445,"2020","07","02",184,17.6203360998539,225.188374997704,2251.57044730579,0.259735658237446,0.5,52285.4325790859,0,26.5818933980946,12.82223546703,10.3071659923348,15.3313815795013,0.85
18446,"2020","07","03",185,17.5983277878817,226.428639339467,2263.97136515419,0.429221309412173,0,82561.1455128004,0,25.7366798019267,12.9319382761707,10.3565682239721,15.3689987616377,0.85
18447,"2020","07","04",186,17.4314007479701,226.999418030055,2269.67835794053,0.203525519788022,0.87,38707.1620412714,0,25.1710524632677,13.0360905742858,10.3966051330619,15.4056176367321,0.85
18448,"2020","07","05",187,17.2275078817244,228.665892510267,2286.34078419087,0.146816998022608,2,40374.8468884289,0,24.6037267847885,13.1518377411195,10.4523480571558,15.4412273538215,0.85
18449,"2020","07","06",188,16.6401642367323,231.519075512244,2314.8686446014,0.622605598873449,0.26,50267.8293599733,0,23.9736663838813,13.2763043274182,10.5206460654375,15.4758173609782,0.85
18450,"2020","07","07",189,16.7659850374194,232.156469913371,2321.24170181125,0.384057137502998,0.08,60390.4162380065,0,23.285726492942,13.3764637451914,10.5575526144105,15.5093774084365,0.85
18451,"2020","07","08",190,16.9200099583764,232.852412775868,2328.20016217684,0.235131726860911,0.21,52753.2681367445,0,22.675969734591,13.4744663497459,10.5994767435297,15.5418975516302,0.85
18452,"2020","07","09",191,17.2661917106542,233.827281049007,2337.94748858229,0.298475371359186,0.03,89978.5259346436,0,22.3392213173323,13.5710156080402,10.6458708688492,15.5733681541389,0.85
18453,"2020","07","10",192,17.3111147412164,234.558805677648,2345.2617171047,0.134096282239585,0.69,41855.519048465,0,22.3730377062161,13.6609253851463,10.6892796737868,15.6037798905439,0.85
18454,"2020","07","11",193,17.1355423670957,236.114709395408,2360.81858956669,0.212042147706203,0.06,45170.7839183344,0,22.4900528123926,14.3252077564113,10.7434906952681,15.6331237491914,0.85
18455,"2020","07","12",194,17.1911666055848,236.962667247702,2369.29698833308,0.228028634393337,0.2,63534.103504834,0,22.4658038032416,14.4034432477285,10.7873531392889,15.6613910348628,0.85
18456,"2020","07","13",195,17.3201688537057,237.934638613308,2379.01534969365,0.235361482169138,0,58363.2576317939,0,22.3985203666638,14.4753548171598,10.8338757369739,15.6885733713513,0.85
18457,"2020","07","14",196,17.426515048339,238.699277131139,2386.6606710369,0.179095803263222,0,43304.9030543625,0,22.3912498504167,14.5397239858598,10.8777738213249,15.7146627039439,0.85
18458,"2020","07","15",197,17.3997151575237,239.520181327876,2394.86857088723,0.172481927745221,0.03,46334.0345194536,0,22.4375328917527,14.5986124284433,10.9226875195805,15.7396513018084,0.85
18459,"2020","07","16",198,18.4318257124402,240.377699400131,2403.44255855218,0.0926963402300448,0,85842.2801514602,0,22.5207160635248,14.6526245128666,10.9677802069431,15.7635317602838,0.85
18460,"2020","07","17",199,18.3795532723836,241.285003059901,2412.51433282601,0.242394767344545,0,80396.9637868798,0,22.9565684321501,14.7025017497568,11.0130118313252,15.786297003075,0.85
18461,"2020","07","18",200,18.3232150862885,242.042608292556,2420.08933110285,0.204372419783839,0,56814.1353590379,0,23.6924309435994,14.7480333307242,11.0559132937905,15.8079402843493,0.85
18462,"2020","07","19",201,18.5926558935485,242.838235872772,2428.04449995512,0.148134864296983,0.03,70283.1178510481,0,24.1398974226439,14.7906665799673,11.0990161686582,15.8284551907351,0.85
18463,"2020","07","20",202,18.4246829326898,243.720101008475,2436.86192438069,0.111677535658731,0.12,43398.2505681227,0,24.4389240562668,14.8311369424254,11.142453591723,15.8478356432232,0.85
18464,"2020","07","21",203,17.9059135507605,244.728423472817,2446.94374615363,0.307002808148043,0,41217.1757137354,0,24.673196605489,14.8702056906387,11.1863847486557,15.866075898967,0.85
18465,"2020","07","22",204,17.6953061102903,245.421420664669,2453.87275391105,0.507437920879518,0.02,86312.8485286247,0,24.5146504408766,14.9068903773258,11.2256800072638,15.8831705529852,0.85
18466,"2020","07","23",205,17.5150819953533,245.933982743789,2458.99766157899,0.543772584819961,0.01,83023.33058517,0,24.1002788745844,14.9426263524533,11.2628759737708,15.8991145397629,0.85
18467,"2020","07","24",206,17.4812530362048,246.400210158969,2463.65928707256,0.459320320070329,0,75057.2830603311,0,23.6558668760397,14.9786219732291,11.2994662571421,15.9139031347527,0.85
18468,"2020","07","25",207,17.8218413415272,246.940889838899,2469.06533162881,0.311946215433887,0,77552.2668618579,0,23.2442145756655,15.01573650289,11.3365347937778,15.9275319557747,0.85
18469,"2020","07","26",208,17.9743530643182,247.628943623465,2475.94491219109,0.305733419501114,0,71241.4233190942,0,23.0301941179076,15.0542867604243,11.3745143432484,15.9399969643152,0.85
18470,"2020","07","27",209,18.1420441239184,248.323210203964,2482.88661206889,0.149319189272701,0.46,58333.9131078552,0,23.0494341178684,15.0935159910956,11.4115796156802,15.951294466723,0.85
18471,"2020","07","28",210,17.6769417500269,249.633891014691,2495.9915966371,0.274638708986383,0.37,36616.5466168605,0,23.2143969715399,15.7061789773547,11.4543453169816,15.9614211153044,0.85
18472,"2020","07","29",211,17.8211460059684,250.729252305705,2506.94368558039,0.219338673541966,0.11,60595.3078518766,0,23.2017333713081,15.7449394337801,11.4925367482979,15.9703739093148,0.85
18473,"2020","07","30",212,17.7082230931273,251.619913632163,2515.84905967544,0.220555316261187,1.48,49049.3412704282,0,23.0117151878056,15.7818597306606,11.5278332880361,15.9781501958483,0.85
18474,"2020","07","31",213,17.5631169584894,253.879358315902,2538.44036296665,0.240815661012365,0.02,49655.9169163253,0,22.8415907500348,15.8176536893237,11.576612970757,15.9847476706232,0.85
18475,"2020","08","01",214,18.5681598090915,254.658542654889,2546.23112228398,0.137193447171762,0,90243.6137892175,0,22.6842309907288,15.8504259143542,11.8190398683373,15.9901643786654,0.85
18476,"2020","08","02",215,18.1051142988545,255.521349207718,2554.85798739684,0.238251452660484,0,37543.9057569804,0,22.785076547807,15.8816674115395,11.8515503440241,15.9943987148874,0.85
18477,"2020","08","03",216,17.866135851669,256.283097755057,2562.47441305596,0.337771922232051,0,59091.5763957079,0,23.1359343323875,15.9113605384055,11.8826726536108,15.997449424564,0.85
18478,"2020","08","04",217,18.3245780097292,256.945325832825,2569.09577248135,0.211566600150875,0,69882.1580684136,0,23.1850430715201,15.9395688017906,11.9125653929839,15.999315603704,0.85
18479,"2020","08","05",218,17.8055307669749,257.733759232674,2576.97900953915,0.388520683332471,0,49455.5855711167,0,23.1832672991538,15.9663735418868,11.9440689439453,15.9999966993184,0.85
18480,"2020","08","06",219,18.0340840434194,258.345238549342,2583.09295195986,0.0968470672635794,0.02,37585.7037681533,0,23.1526514601514,15.9918843515215,11.9727710551861,15.9994925095838,0.85
18481,"2020","08","07",220,18.7879170082259,259.268391482078,2592.32319691239,0.0904228456482562,0,73262.3820635842,0,22.9965445389466,16.0163820954048,12.0053231472567,15.9978031839025,0.85
18482,"2020","08","08",221,18.8912950746043,260.17796863643,2601.41770296895,0.234920248510588,0,82700.3362941148,0,23.1353312259101,16.0400867790888,12.0364434457453,15.9949292228581,0.85
18483,"2020","08","09",222,18.9296620885232,260.943048387919,2609.06743603489,0.206819173122923,0,80508.0745240937,0,23.6669591644086,16.0632585035473,12.0651208235417,15.9908714780674,0.85
18484,"2020","08","10",223,18.7639913882608,261.736229214796,2616.99814075792,0.368645960593076,0,89119.6511024157,0,24.1935718568741,16.0859821796309,12.0939350550059,15.9856311519277,0.85
18485,"2020","08","11",224,18.7387163395591,262.367583254203,2623.31080275449,0.34770205252402,0,80553.7126860688,0,24.5086927309017,16.1083844969813,12.1203753834047,15.9792097972606,0.85
18486,"2020","08","12",225,18.8424875636426,263.019881201679,2629.83287469266,0.241931434133839,0,62856.7820148054,0,24.5833034171814,16.1305320585905,12.1470780386817,15.9716093168523,0.85
18487,"2020","08","13",226,19.133334553022,263.777949767545,2637.41250565697,0.176970686347472,0,63980.5922525806,0,25.4160029147396,16.7351936904248,12.4086691020652,15.962831962889,0.85
18488,"2020","08","14",227,19.2981446025851,264.600979081198,2645.64165371981,0.165494663477709,0.09,65392.7645253929,0,25.5961129406868,16.7573877261204,12.436663153942,15.9528803362902,0.85
18489,"2020","08","15",228,19.6578733625232,265.52548441772,2654.88542082862,0.175255661540066,0,82047.9298143102,0,25.9956164891005,16.7810247105243,12.4651158998479,15.9417573859376,0.85
18490,"2020","08","16",229,19.8185485279635,266.35022875618,2663.13171675344,0.181294629576764,0,80418.8462498327,0,26.5557225220017,16.8067688931863,12.4914959903201,15.9294664078015,0.85
18491,"2020","08","17",230,19.7140091644179,267.168934126603,2671.31763139985,0.21971399768937,0.14,62412.8785217883,0,27.167875917373,16.8341649895933,12.5173406620683,15.9160110439639,0.85
18492,"2020","08","18",231,19.6658833553633,268.089220128914,2680.51921103686,0.199775734602565,0,56615.4786927127,0,27.4291689318603,16.8626332644311,12.543866093348,15.9013952815396,0.85
18493,"2020","08","19",232,20.0917879207531,251.807035027445,2517.72001328785,0.188195674755522,0,69454.915330412,0,19.6617986233725,19.6658833179287,16.7854062175948,15.8856234514943,0.85
18494,"2020","08","20",233,20.2683521461329,235.54801004567,2355.1523845133,0.193785741725796,0,40182.0590888583,0,20.0851828745532,20.0917870522507,17.8598618404346,15.8687002273617,0.85
18495,"2020","08","21",234,20.4759272709232,219.277804929955,2192.47296995417,0.229095599867988,0.09,44024.8595597548,0,20.2623748968317,20.2682513928211,18.3398922739852,15.8506306238584,0.85
18496,"2020","08","22",235,20.6455830988925,203.116980097955,2030.88720605234,0.145325581439612,0.23,35560.6916288503,0,20.4749925203425,20.4749346864645,18.6903973502,15.8314199953978,0.85
18497,"2020","08","23",236,20.1849471471502,187.403695302812,1873.77621986043,0.484708296847659,0.03,38813.3166029452,0,20.6372302151857,20.6257170036646,18.9590847789804,15.8110740345037,0.85
18498,"2020","08","24",237,19.7823958631769,170.611645076853,1705.87908023752,0.310343174826843,0.04,32632.2838054455,0,20.1735109006777,20.0510562182814,18.8117799828978,15.7895987701235,0.85
18499,"2020","08","25",238,19.3099586697463,154.188325094935,1541.66873004378,0.403364633602196,0.02,53964.0310673003,0,19.7673087311858,19.0196917033087,18.6061120444344,15.7670005658415,0.85
18500,"2020","08","26",239,19.137458185943,137.538962195467,1375.19826516612,0.253817656991601,0,34837.2602193897,0,19.3067627905083,18.3250952633232,18.3250952633232,15.7432861179933,0.85
18501,"2020","08","27",240,18.7437886804526,121.14869324922,1211.31837934546,0.364584519194584,0.04,49081.598131687,0,19.1331206610724,18.1877278404485,18.1877278404485,15.7184624536816,0.85
18502,"2020","08","28",241,18.7224162692279,122.224108730025,1222.07103793711,0.259103392912313,0.03,35623.7349195055,0,19.0656707295544,17.7080097059043,17.7080097059043,15.6925369286939,0.85
18503,"2020","08","29",242,18.1196453531652,123.395005337113,1233.77837494949,0.280467647487825,1.27,25140.176080151,0,19.0088268818477,17.4269836020539,17.4269836020539,15.6655172253227,0.85
18504,"2020","08","30",243,18.1608941395513,125.784537689625,1257.67037393857,0.22161989265979,0.35,32137.8462083342,0,18.8859360735826,17.2008257103374,17.2008257103374,15.6374113500894,0.85
18505,"2020","08","31",244,17.3436036622036,127.312917796965,1272.95204858972,0.463156708863215,0.98,34360.2693977393,0,18.6506648231106,17.0222515229311,17.0222515229311,15.6082276313712,0.85
18506,"2020","09","01",245,17.7163908768335,129.229761088102,1292.11781461332,0.284943397134077,0.04,52313.5020707074,0,18.4108475900231,16.8670692269696,16.8670692269696,15.5779747169339,0.85
18507,"2020","09","02",246,17.524576303516,130.384817690968,1303.66677362155,0.291832105491907,0.02,24639.7935548595,0,18.1590847027279,16.7367996621962,16.7367996621962,15.546661571369,0.85
18508,"2020","09","03",247,17.9715210635519,131.512985585476,1314.94688295623,0.0828960923055318,0.08,22645.2180847544,0,17.9979065004254,16.621096239388,16.621096239388,15.5142974734373,0.85
18509,"2020","09","04",248,17.774705392227,132.910089493171,1328.91597825439,0.17521764760426,0.02,21882.2056106772,0,17.9102584149732,16.5139026610694,16.5139026610694,15.4808920133194,0.85
18510,"2020","09","05",249,17.313202246248,134.154871845566,1341.36206992325,0.372551104461726,0.14,43263.2566439256,0,17.9674084468959,16.4152429448083,16.4152429448083,15.4464550897742,0.85
18511,"2020","09","06",250,17.1940251554244,135.322320741105,1353.03493461691,0.317774721157558,0.02,34775.2401847993,0,17.9705309354458,16.3231821557503,16.3231821557503,15.4109969072053,0.85
18512,"2020","09","07",251,17.4987602157489,136.424546019947,1364.05565388868,0.208278623278618,0,46687.0287610417,0,17.8774129059902,16.2367548709452,16.2367548709452,15.3745279726374,0.85
18513,"2020","09","08",252,17.0402722980148,137.616267396668,1375.97120962407,0.378057706074483,0.74,28033.4105316478,0,17.7620850708184,16.1547720235447,16.1547720235447,15.337059092603,0.85
18514,"2020","09","09",253,16.9476371520281,139.378209690594,1393.588181188,0.188745634928064,0.39,19604.5023967956,0,17.6358648394397,16.074430849903,16.074430849903,15.2986013699398,0.85
18515,"2020","09","10",254,16.3038851562611,140.979464055666,1409.59849702713,0.499254989739363,0.08,54060.7840369456,0,17.4716811023442,15.9987704473407,15.9987704473407,15.259166200501,0.85
18516,"2020","09","11",255,16.4908775964288,141.960209065926,1419.40458262755,0.297638747072909,0,35199.672711703,0,17.263037068238,15.9298982275692,15.9298982275692,15.2187652697785,0.85
18517,"2020","09","12",256,16.0935909884744,143.062570318854,1430.42666145098,0.338380805858277,0.62,18074.1141409632,0,16.9457833931573,15.8643803920307,15.8643803920307,15.1774105494398,0.85
18518,"2020","09","13",257,15.9735845405041,144.744189512995,1447.24051376991,0.443740168292605,0,41355.8175969508,0,16.6998111110014,15.7993642390974,15.7993642390974,15.1351142937813,0.85
18519,"2020","09","14",258,16.4074661765147,145.700449344703,1456.80178165081,0.108906472229191,0.02,18052.8845539291,0,16.4418855318838,15.7394345564597,15.7394345564597,15.0918890360962,0.85
18520,"2020","09","15",259,16.5108315390995,147.011542872473,1469.91089281525,0.0862396333918709,0,17060.8143520018,0,16.2990335378475,15.6803668234366,15.6803668234366,15.0477475849612,0.85
18521,"2020","09","16",260,16.0649855536142,148.325303239082,1483.0466686577,0.281836091817781,0.01,17289.2092805533,0,16.3391495145339,15.622525804584,15.622525804584,15.0027030204411,0.85
18522,"2020","09","17",261,15.0407687320592,149.453467147264,1494.32673813467,0.677804871422909,0,36540.6349566035,0,16.3779935378727,15.5662719197879,15.5662719197879,14.9567686902124,0.85
18523,"2020","09","18",262,15.4773174151758,150.175662275841,1501.5476846365,0.271545320802553,0,42393.3021365039,0,16.1950683758077,15.5122909597198,15.5122909597198,14.9099582056084,0.85
18524,"2020","09","19",263,15.3364636106734,151.304116955038,1512.83066141908,0.25444419826841,0,47056.4222945213,0,15.8144160115744,15.4577665744059,15.4577665744059,14.8622854375861,0.85
18525,"2020","09","20",264,15.2665752787743,152.44967275677,1524.28462563435,0.225282156724295,0,20933.6311835936,0,15.5803035321327,15.403794178133,15.403794178133,14.8137645126155,0.85
18526,"2020","09","21",265,15.4492010920431,153.624390600046,1536.03016969216,0.203836862043734,0,21150.0287219135,0,15.1718159858174,15.4633379098979,15.3505480732347,14.7644098084938,0.85
18527,"2020","09","22",266,15.3279493078082,154.820553738002,1547.99013686012,0.241655513579436,0,25567.8564536968,0,15.07745561912,15.4082277196167,15.2979916890672,14.7142359500849,0.85
18528,"2020","09","23",267,15.4585537948203,155.978898224422,1559.57197012949,0.180538046311133,0,30930.2242361381,0,15.100797323761,15.353772611316,15.246083009196,14.663257804986,0.85
18529,"2020","09","24",268,15.6256471029476,157.198360178111,1571.76489303933,0.171966309199349,0.1,24048.2834328021,0,15.1016439981479,15.2993519056637,15.19430357083,14.6114904791218,0.85
18530,"2020","09","25",269,15.6231661494749,158.526393868912,1585.04338226536,0.211083867065839,0.01,27446.019502242,0,15.1765051965986,15.346074052539,15.142347962106,14.5589493122679,0.85
18531,"2020","09","26",270,15.6895607517989,159.725310001846,1597.03087555288,0.0824956919479428,0.82,16901.8031668806,0,15.2936543425767,15.2893298662835,15.0909317647456,14.5056498735062,0.85
18532,"2020","09","27",271,15.7794435078056,161.862814309898,1618.40294474183,0.0985188575016714,0,19830.8991846108,0,15.4171956790266,15.2291889378125,15.0370449606811,14.4516079566106,0.85
18533,"2020","09","28",272,15.6840437800647,163.164295452397,1631.41594542717,0.119532903232236,0.01,16153.4491568304,0,15.5608802529478,15.1736272395428,14.9858130181543,14.3968395753675,0.85
18534,"2020","09","29",273,15.7369426188701,164.454762549164,1644.31882097895,0.0675898868549838,0.01,12952.1226089603,0,15.6737451420432,15.2076383165846,14.9355508759164,14.3413609588301,0.85
18535,"2020","09","30",274,15.8067521486826,165.797172662309,1657.74105442662,0.100405506427319,0,19056.0027960006,0,15.7555158828612,15.1524456312487,14.8862151433142,14.2851885465099,0.85
18536,"2020","10","01",275,15.3167803377094,167.096767155882,1670.73519124758,0.215269354799967,0,12684.2485234981,0,15.8427310528419,15.0995598735268,14.8382456221573,14.228338983505,0.85
18537,"2020","10","02",276,15.4900597909652,168.281497801082,1682.58084939391,0.159635658518119,0,23892.6729330457,0,15.8490173285069,15.0494839645937,14.7920501095839,14.1708291155677,0.85
18538,"2020","10","03",277,15.2200803497327,169.521862142564,1694.98276710037,0.206883873959742,0,13386.5275268921,0,15.7364794469034,15.0015040466067,14.7473147163508,14.1126759841132,0.85
18539,"2020","10","04",278,15.1113587107079,170.714978268604,1706.91226838845,0.174730080804205,0.12,11676.4763949312,0,15.6015661217069,15.0360884551739,14.7043883422079,14.0538968211694,0.85
18540,"2020","10","05",279,15.3032139253991,172.0602481878,1720.36309591781,0.193429648637608,0.27,28172.5253614981,0,15.4431948331141,14.9922184994675,14.6627394869888,13.9945090442706,0.85
18541,"2020","10","06",280,15.1408766959556,173.536818539162,1735.12674509166,0.116627643799047,1.7,11169.5900159634,0,15.3711206456525,14.9500341139409,14.6223419649322,13.9345302512971,0.85
18542,"2020","10","07",281,15.0846603858432,176.520190895363,1764.95631791308,0.159131782446607,0.33,15790.9291048218,0,15.3508578690806,14.9019146759397,14.5789920492547,13.8739782152595,0.85
18543,"2020","10","08",282,14.8377435878735,178.091059112917,1780.66281455302,0.197949886966543,0.1,11903.3248344707,0,15.2875487597967,14.9406567166999,14.5408204074388,13.8128708790329,0.85
18544,"2020","10","09",283,14.4756404377356,179.39310922595,1793.6815041521,0.283227425996639,0.78,13095.093121592,0,15.1694414170491,14.9050104953274,14.5048060088116,13.75122635004,0.85
18545,"2020","10","10",284,14.1781954196785,181.289881799954,1812.64659092858,0.207854407243916,0.43,10916.972796306,0,14.9326641147156,14.8662964835212,14.4681709174351,13.6890628948849,0.85
18546,"2020","10","11",285,13.9459308409026,182.91202739271,1828.86578997877,0.275089662815824,0,20835.7239281189,0,14.5676464415501,14.8300161492018,14.4332432150466,13.6263989339412,0.85
18547,"2020","10","12",286,13.6164635943755,184.036937729894,1840.11332827243,0.287999302980708,0.09,11863.4793446418,0,14.143919866512,14.7972665004442,14.4007100388759,13.5632530358927,0.85
18548,"2020","10","13",287,13.2429663407934,185.238938426913,1852.13166290927,0.301454883346704,0,12341.6426598388,0,13.7363321892685,14.8384541974131,14.3687480141309,13.499643912232,0.85
18549,"2020","10","14",288,12.9006086639057,186.337483543566,1863.11558567933,0.431899045063227,0,12072.44307057,0,13.2471711696802,14.8055570240632,14.3378076516107,13.4355904117151,0.85
18550,"2020","10","15",289,12.8273086654677,187.305584498503,1872.79524831807,0.308536123843738,0,12785.671366135,0,12.7065423631081,14.7728928328559,14.3078709856218,13.3711115147766,0.85
18551,"2020","10","16",290,12.7173149735884,188.397048374659,1883.70836853522,0.211913639787646,0.11,13236.9137699636,0,12.2234536268209,14.7381584172296,14.2779191004811,13.3062263279053,0.85
18552,"2020","10","17",291,12.4674202826311,189.695134734872,1896.68742612083,0.296758336910542,0,18043.4876986372,0,11.8593477570273,14.700234514526,14.2474245396976,13.2409540779823,0.85
18553,"2020","10","18",292,12.0625777943442,190.798376397961,1907.71830782098,0.471216176218632,0,11759.8236942088,0,11.5218904753618,14.6616951772187,14.2176074598062,13.1753141065841,0.85
18554,"2020","10","19",293,11.711196070703,191.727160221743,1917.00485384976,0.503523211798551,0,18461.450383857,0,11.1500575772143,14.6220479149139,14.1882229678603,13.1093258642507,0.85
18555,"2020","10","20",294,11.4677014888692,192.623637009944,1925.96837447124,0.266661334947609,0.84,8367.39620882492,0,10.7199517038021,14.5799170908754,14.1585718165131,13.0430089047226,0.85
18556,"2020","10","21",295,11.7766986054042,194.596975674996,1945.69901563246,0.122053495199301,0.04,7895.37364836548,0,9.22588645050877,14.5750835485173,14.1241009766901,12.976382879146,0.85
18557,"2020","10","22",296,12.0255716837136,195.914922179797,1958.8766470327,0.109467153337391,1.48,7161.61974431265,0,8.88475300669558,14.5193240390898,14.091490964643,12.9094675302502,0.85
18558,"2020","10","23",297,11.7794222879181,198.68545502646,1986.57812088054,0.236494751145008,0.41,8135.13812493456,0,9.045570575444,14.4498941999448,14.0521179561332,12.8422826864973,0.85
18559,"2020","10","24",298,11.4555153876813,200.258960275315,2002.31098416461,0.187636400665974,0.44,6926.55322759159,0,9.13368205913952,14.3893634836979,14.0168419563567,12.7748482562064,0.85
18560,"2020","10","25",299,11.7956384542462,201.911323874649,2018.83232123853,0.171129274748039,0.17,6929.35882014979,0,8.99843587494865,14.3281745768726,13.9802592509016,12.7071842216547,0.85
18561,"2020","10","26",300,12.0863383461516,203.310194599901,2032.8190822541,0.0626588734448445,1.57,6676.29611679536,0,8.85606236269592,14.2722312141046,13.9440426369385,12.6393106331557,0.85
18562,"2020","10","27",301,12.0038119155142,206.217535726456,2061.88844856067,0.125689900271608,0.54,7413.34658234349,0,9.11266055258591,14.194420235069,13.9009214002079,12.5712476031188,0.85
18563,"2020","10","28",302,11.8910794190474,208.031845826184,2080.02902532374,0.190052727223661,0.25,7165.23576560132,0,9.44228335401783,14.1250329253333,13.8622148237527,12.5030153000884,0.85
18564,"2020","10","29",303,11.7853214339098,209.491793098961,2094.62646683928,0.159080223926526,0,11706.4367510055,0,9.60568989140683,14.057962689933,13.8243601306066,12.4346339427687,0.85
18565,"2020","10","30",304,11.6008568945832,210.732712875034,2107.03393811888,0.127103649300538,0,7626.62874180998,0,9.64817481183155,13.9922092456456,13.7869439283808,12.3661237940316,0.85
18566,"2020","10","31",305,11.5562539365665,212.005609225734,2119.76113065601,0.157444985145409,0.05,5719.87394713147,0,9.59119121900954,13.9261471758753,13.7489273098741,12.2975051549128,0.85
18567,"2020","11","01",306,11.5779672258919,213.298164240588,2132.68488248375,0.237782610726138,0.09,5468.71963510367,0,9.43134015882958,13.804809591405,13.7104517538154,12.2287983585958,0.85
18568,"2020","11","02",307,12.0057650055066,214.550381629862,2145.20531417708,0.0766066139601898,0.5,5231.15710026177,0,9.34846891010682,13.7357240556987,13.6718294462611,12.1600237643873,0.85
18569,"2020","11","03",308,11.9141175646386,216.373775015902,2163.43671116577,0.218144540926629,0.44,6650.06324606381,0,9.4570199786159,13.6646338497582,13.6303854715021,12.0912017516838,0.85
18570,"2020","11","04",309,11.6405069631583,217.995630474975,2179.65300928279,0.19767473347335,0,7114.83187819918,0,9.70197876075542,13.5973217914156,13.5899044654402,12.022352713933,0.85
18571,"2020","11","05",310,11.4989187411591,219.197955741502,2191.67458916314,0.277214650312283,0,10434.3527472491,0,9.81342508318068,13.5349637709672,13.5512305515018,11.9534970525907,0.85
18572,"2020","11","06",311,11.6344057927004,220.32074109119,2202.90088053831,0.142063906346352,0,6859.22184510844,0,9.73410768862971,13.4748266441372,13.5127708982934,11.8846551710753,0.85
18573,"2020","11","07",312,11.4335167418675,221.578677184843,2215.47849131905,0.198791955475221,0,4731.55938579967,0,9.65997590502462,13.4153411008753,13.4736929799014,11.815847468722,0.85
18574,"2020","11","08",313,11.2718116455369,222.779885229368,2227.48890053376,0.151031211570123,0.07,4955.98434320848,0,9.62729115113757,13.3579014623767,13.4350470182524,11.7470943347381,0.85
18575,"2020","11","09",314,11.0843807911814,224.098854017798,2240.676753348,0.149642781309368,0.02,5195.04756873934,0,9.07473301969173,13.1959132552048,13.3959934944393,11.678416142161,0.85
18576,"2020","11","10",315,10.9017585327661,225.369211236489,2253.37855809771,0.189287405845035,0,4476.49080055216,0,8.83085452705706,13.1408445867964,13.3574482551463,11.6098332418213,0.85
18577,"2020","11","11",316,10.9419414194059,226.579923830643,2265.48399958513,0.136134643293813,0,4007.52296289076,0,8.54157793664126,13.0879923312798,13.3194422486587,11.5413659563125,0.85
18578,"2020","11","12",317,10.9131727205773,227.84378918735,2278.12089474706,0.112676695674378,0.02,3998.51950838003,0,8.34336295308839,13.0363903014646,13.2814449989301,11.4730345739691,0.85
18579,"2020","11","13",318,10.8979074675412,229.151112491675,2291.19230892252,0.142020457631204,0.2,4003.00282812526,0,8.26969524466057,12.9858802476002,13.243586485077,11.4048593428541,0.85
18580,"2020","11","14",319,10.8869919519188,230.609092034044,2305.77007587167,0.125453230820711,0.02,3996.52620333048,0,8.24177450435781,12.9355053360442,13.2053639410069,11.3368604647601,0.85
18581,"2020","11","15",320,10.9437916622907,231.903638803223,2318.71374247155,0.14077653994209,0,3519.77672214543,0,8.22631361205549,12.8870866463234,13.1684450846384,11.2690580892221,0.85
18582,"2020","11","16",321,11.0368080888822,233.162862263281,2331.30422512524,0.14105945327847,0,3524.11493845734,0,8.21809078096589,12.839435383278,13.1320327686771,11.2014723075473,0.85
18583,"2020","11","17",322,11.0585265639979,234.421802810003,2343.89187903918,0.129192869866078,0.21,3986.55845893789,0,8.35729156750301,12.7921112837415,13.0959909227494,11.1341231468614,0.85
18584,"2020","11","18",323,11.0501942938562,235.902609940137,2358.69789010615,0.160658418738169,0.02,3290.90059036859,0,8.53407281115045,12.6035089837703,13.0591807110335,11.0670305641742,0.85
18585,"2020","11","19",324,10.7513162504825,237.161951521399,2371.28955380754,0.332247590673221,0.4,3285.27237465701,0,8.6551105435542,12.5554222031525,13.0240587502407,11.0002144404661,0.85
18586,"2020","11","20",325,10.2059247586382,238.629703930725,2385.96503582936,0.459221985087095,0,7268.77592265825,0,8.54783958401805,12.5062521493412,12.9880961078179,10.9336945747963,0.85
18587,"2020","11","21",326,9.96254078408629,239.570481945638,2395.37150708203,0.365385680954724,1.25,3051.52860111458,0,8.16912192755973,12.4608590488803,12.9554391371133,10.8674906784368,0.85
18588,"2020","11","22",327,9.83901013747982,241.855096264684,2418.21447170801,0.356996598596286,0,6587.3769133353,0,7.61379353642991,12.4075581285384,12.9155265561847,10.8016223690308,0.85
18589,"2020","11","23",328,9.71337475615951,242.898099666087,2428.64305460029,0.415838339365397,0.05,7985.29726165129,0,7.11812153136617,12.3633862827403,12.8835796454362,10.7361091647799,0.85
18590,"2020","11","24",329,9.60850540331086,243.932261326722,2438.98323238631,0.147568363608396,0.12,2823.98142186525,0,6.73718797918309,12.3200473580958,12.8513313183238,10.6709704786606,0.85
18591,"2020","11","25",330,9.78984923937702,245.304692963114,2452.70563929776,0.145059987384387,0.07,2587.86825995103,0,6.43189636274928,12.2751711408149,12.8173860151599,10.6062256126712,0.85
18592,"2020","11","26",331,9.76657396186187,246.629632975729,2465.95319604614,0.140864648258642,0.47,2822.61985109126,0,6.23104513730766,12.2310348970218,12.784186861214,10.5418937521129,0.85
18593,"2020","11","27",332,9.471232649814,248.358768327471,2483.24214383224,0.229566532691449,0,5911.95631590934,0,6.20149019618725,12.1842467152917,12.7489801951168,10.4779939599044,0.85
18594,"2020","11","28",333,9.3562354269622,249.529201794779,2494.9448500912,0.177652111662811,0,2600.26753958828,0,6.13453665716276,11.9549141240123,12.7175652741176,10.4145451709331,0.85
18595,"2020","11","29",334,9.25157630181877,250.751549683116,2507.16662833235,0.190149556903841,0,2364.09946093939,0,5.95842569124278,11.9071603836168,12.685791009925,10.3515661864446,0.85
18596,"2020","11","30",335,9.14071297037032,251.961400126212,2519.26344950868,0.168675894041494,0,1382.65888342467,0.3,5.76217149106049,11.8578710305197,12.6543421203348,10.2890756684711,0.45
18597,"2020","12","01",336,8.97212517671738,253.192724232171,2531.5749774375,0.151818233825175,0.02,1257.67223538471,0.3,5.56917792824453,11.8069998509654,12.6229949859206,10.2270921343019,0.45
18598,"2020","12","02",337,8.90735968614968,254.460905998346,2544.25503068874,0.145835895455445,0.32,2377.98674267246,0,5.36508441953225,11.7547100673069,12.5940273141853,10.1656339509958,0.85
18599,"2020","12","03",338,8.84730140014409,256.03507010289,2559.99448161306,0.303147502896482,0.03,2384.21016882796,0,5.16120367448588,11.6996803327964,12.5596190265138,10.1047193299388,0.85
18600,"2020","12","04",339,8.78896319305738,257.161922599994,2571.2614388038,0.228721714860221,0.9,2148.4211514474,0,4.96815727060067,11.6466435958806,12.5292964891178,10.0443663214479,0.85
18601,"2020","12","05",340,8.75743919725073,259.233200885134,2591.97133990333,0.101266180351333,0.05,2409.08820456946,0,4.83986909021343,11.5873687118775,12.4913661511304,9.98459280942197,0.85
18602,"2020","12","06",341,8.97692181251495,260.581934704782,2605.45680161792,0.102610519655798,0.02,2173.76366081054,0,4.737062608158,11.5321534832119,12.4604730021323,9.92541650604266,0.85
18603,"2020","12","07",342,8.97246698755146,261.899324185126,2618.62886354858,0.213057937553426,0,2179.78195461234,0,4.70263461722425,11.4766062670233,12.4293315874258,9.86685494652579,0.85
18604,"2020","12","08",343,8.75134929419863,263.086266247573,2630.49663279065,0.298972636963485,0,1942.55384652819,0,4.80318004931064,11.4213191402364,12.3991742679516,9.80892548392531,0.85
18605,"2020","12","09",344,8.67551676106251,264.18729361061,2641.50537457101,0.194788812242716,0.07,1947.46073422512,0,4.19528206247912,11.072212688159,12.3579159822523,9.7516452839912,0.85
18606,"2020","12","10",345,8.6120530736066,265.462504798367,2654.2557122581,0.204510343994556,0,1954.54792905629,0,4.09498007498235,11.0095741389838,12.3256776158349,9.69503132008291,0.85
18607,"2020","12","11",346,8.55023787416036,266.657994454372,2666.20894554356,0.214003607158243,0.09,1968.17657646646,0,3.98886375256973,10.9473651621025,12.2943078272147,9.63910036813978,0.85
18608,"2020","12","12",347,8.50396783427163,267.933990847214,2678.96713418905,0.132859052059354,0.12,1976.11267028565,0,3.89620932583398,10.8851753927216,12.2621671747949,9.58386900170996,0.85
18609,"2020","12","13",348,8.45626846658502,269.321131795155,2692.83661375105,0.131797427983421,0.04,1985.65577732585,0,3.82041329290155,10.8232462869551,12.229121698307,9.52935358703931,0.85
18610,"2020","12","14",349,8.40663316061006,270.629334367171,2705.9168193801,0.153464990654314,0,2493.84807603793,0,3.76038005174638,10.7626804244559,12.1970142369346,9.47557027822173,0.85
18611,"2020","12","15",350,8.54004784679819,271.875869376517,2718.38043518,0.153145645404446,0.11,2004.5365025422,0,3.70639265564097,10.7034162859487,12.1654795417386,9.42253501241238,0.85
18612,"2020","12","16",351,8.55678422457214,273.232723731113,2731.94709094603,0.129183954442533,0.46,2015.54090402046,0,3.71357523892738,10.6446667257665,12.1328725635988,9.37026350510509,0.85
18613,"2020","12","17",352,8.52683322004913,274.96353977667,2749.25284333195,0.139565236186747,0.66,2030.53234583496,0,3.86903595737306,10.5853470637176,12.0669516489923,9.3187712454756,0.85
18614,"2020","12","18",353,8.60550801718347,276.883974540483,2768.45451908553,0.131495116123508,0.24,2047.78930830238,0,3.99288092796257,10.5264349465959,12.0282634622212,9.26807349179174,0.85
18615,"2020","12","19",354,8.68844963670722,278.39247942436,2783.53746915428,0.108596050220037,0.05,2061.5996660256,0,4.12505525182246,10.4704993263343,11.9941296895835,9.21818526689206,0.85
18616,"2020","12","20",355,8.64767815350098,279.73388337414,2796.94964236817,0.13873347317719,0.03,2074.18191794708,0,4.32231626439705,10.4162561656706,11.9616292206338,9.16912135373428,0.85
18617,"2020","12","21",356,8.66215894355389,281.025149900963,2809.86051110826,0.100558472600819,0.15,2086.58009111065,0,4.50112842939046,9.95001023589811,11.9294779872884,9.12089629101476,0.85
18618,"2020","12","22",357,8.58835618568668,282.474591428362,2824.35290978658,0.172639564541343,0.94,2096.85931960674,0,4.65430094251258,9.89627749071082,11.8957213489285,9.07352436886035,0.85
18619,"2020","12","23",358,8.41920459808262,284.64195186382,2846.02349871102,0.180071112534659,0,2912.43144002605,0,4.73175871410473,9.84251719838693,11.8055110416605,9.02701962459397,0.85
18620,"2020","12","24",359,8.27749846624783,285.861880751286,2858.22109030899,0.184324177887975,0,5592.65744478541,0,4.6705190743495,9.79352039811249,11.77333951599,8.98139583857498,0.85
18621,"2020","12","25",360,8.10200582916309,287.077556573398,2870.37615717067,0.23365575618829,0,462.098559409466,2.3132,4.49082761726521,9.7465577159752,11.7412804091899,8.93666653011585,0.183286562167098
18622,"2020","12","26",361,7.89701771287781,288.243900817209,2882.03797688396,0.119020233465287,0.25,494.354851833767,2.0632,4.25485754284097,9.70182877935906,11.7096247239853,8.89284495347599,0.194984191052809
18623,"2020","12","27",362,7.94274212847148,289.774880583744,2897.34564451018,0.425511957612456,0.43,534.787245779601,1.8132,3.96848692511901,9.65823201861491,11.6744587966811,8.84994409393432,0.209429806427363
18624,"2020","12","28",363,7.87803473307497,291.179368626132,2911.38857088178,0.384853379553652,0.936,660.141968566006,1.2672,3.69473928118396,9.61695401224836,11.6407483574507,8.80797666394138,0.256849342770475
18625,"2020","12","29",364,7.82211741403535,293.130515246578,2930.89732247255,0.23909871451887,1.2052,1137.04141559089,0.482,3.49886431155841,9.57590723539528,11.6021275907365,8.76695509935243,0.438916206723532
18626,"2020","12","30",365,7.77271078095777,295.496616532059,2954.55504339076,0.119550181993391,0.862,2224.78641430903,0,3.35673491592081,9.53519904970983,11.5602616917387,8.72689155574236,0.85
18627,"2020","12","31",366,7.73776145291868,297.639066350066,2975.97656079861,0.121998796803925,0.03,2525.66407196488,0,3.24097406793419,9.49609865102326,11.4470568534826,8.68779790480379,0.85
18628,"2021","01","01",1,7.6975902349638,298.947067553262,2989.05475301962,0.10278481081414,0.22,2539.14577793066,0,3.14054299488686,9.45959263430456,11.4152056700802,8.68779790480379,0.85
18629,"2021","01","02",2,7.65557312482161,299.864282742448,2998.22562879779,0.125013371543729,0.01,2548.62374797086,0,3.0607211541361,9.42406674933818,11.3873575891491,8.6496857308292,0.85
18630,"2021","01","03",3,7.55504288953182,300.549269370904,3005.07454206628,0.234667264253766,0,2555.61273733142,0,2.98942797852931,8.92823191797788,11.361624944014,8.61256632727827,0.85
18631,"2021","01","04",4,7.44931212296308,301.11460210665,3010.72708288111,0.119268177408884,0,1355.91605871524,0.1,2.92410116201688,8.88941475138262,11.3368355615454,8.57645069343138,0.45
18632,"2021","01","05",5,7.38548287856747,301.795333929241,3017.53345401063,0.119195118648051,0,1812.45388925778,0.1,2.86247723057443,8.8492137767098,11.3108154496902,8.54134953113027,0.45
18633,"2021","01","06",6,7.28166487876069,302.476138810593,3024.34055562611,0.148644846664099,0,2119.62491589044,0.1,2.79531779128041,8.80795945596105,11.2846592169498,8.50727324160687,0.45
18634,"2021","01","07",7,7.27932703119575,303.127493963929,3030.85320093458,0.130208055347374,0,682.132650777368,1.6,2.7197140791273,8.76588970617956,11.2586894991704,8.47423192240121,0.224728487886383
18635,"2021","01","08",8,7.09564925569839,303.797285908582,3037.55018850527,0.123698901245402,0,620.724683646037,1.9,2.63208655934221,8.72316711032937,11.2325049766278,8.44223536436924,0.20404478150957
18636,"2021","01","09",9,7.01029378419565,304.473587007336,3044.31225856084,0.0789181354637531,0,691.133459657659,1.9,2.52900419960872,8.67998992977414,11.2062431702053,8.41129304878166,0.20404478150957
18637,"2021","01","10",10,6.9837139817879,305.194668871873,3051.52207397114,0.130863868558322,0,448.4677047978,4.55,2.43497766995591,8.63647977096815,11.179583185304,8.38141414451437,0.132122009372688
18638,"2021","01","11",11,6.93087897790491,305.863805003314,3058.21250432215,0.178494140565434,0,373.527137846338,10.2,2.34615364242973,8.59280747078435,11.1534267910593,8.35260750533153,0.0998174071819842
18639,"2021","01","12",12,6.90351249250284,306.485310862749,3064.42669822068,0.229699073231246,0,587.788494005702,15.25,2.26082419334256,8.54899297468336,11.1277303316381,8.32488166726204,0.0907922802148382
18640,"2021","01","13",13,6.79346196053518,307.055611789518,3070.12891403353,0.145413003046928,0,424.582606684339,17.0036,2.17754051035195,8.50503181354281,11.1025062088165,8.29824484607009,0.0888894842598794
18641,"2021","01","14",14,6.67090521107758,307.710198786471,3076.67387328174,0.181549244136066,0,361.38241828329,17.8536,2.09790047554685,8.46085258297427,11.0765150395564,8.27270493482068,0.0880993351239486
18642,"2021","01","15",15,6.46499700903456,308.328649542335,3082.8575203951,0.171027312664328,0,361.329020154694,18.0036,2.01716198354774,8.41655168892368,11.0508605721683,8.24826950154068,0.0879675087887852
18643,"2021","01","16",16,6.47913950350585,308.95762222967,3089.14637218411,0.11500847999773,0.25,392.899546272146,17.7536,1.92095842924556,8.37211427226208,10.9186527716545,8.22494578697636,0.0881884353139113
18644,"2021","01","17",17,6.5117560708,309.892613749673,3098.49498653838,0.0748713635568437,0.25,364.532378945788,17.5036,1.798025824815,8.32751340543359,10.8895112963946,8.2027407024477,0.0884155610927785
18645,"2021","01","18",18,6.52444715316727,310.867742386116,3108.24491621463,0.115002918497118,0.25,366.26126062201,17.2536,1.70561002330948,8.28297925724127,10.8601396869445,8.18166082780047,0.0886491507672692
18646,"2021","01","19",19,6.56819835727981,311.802739467619,3117.59358617617,0.0929891256367632,0.0500000000000007,397.695909157764,17.2036,1.63220835868793,8.23854984020801,10.8312605605104,8.16171240945648,0.0886966687216019
18647,"2021","01","20",20,6.6003862218389,312.559750341982,3125.16264169701,0.1588599900786,0,390.538010171275,19.2536,1.56736721592074,8.19418426520042,10.8040354578748,8.14290135856259,0.0869475491598871
18648,"2021","01","21",21,6.78571084616453,313.200890351903,3131.57314978358,0.16819943576294,0.41,391.7126428951,19.0036,1.51038033229315,8.14976129746356,10.7778833778349,8.12523324923916,0.0871409818415223
18649,"2021","01","22",22,6.77476909486705,314.24269091614,3141.98970597769,0.21561323093496,1.414,426.044685717849,18.1296,1.47071015840487,8.10530604248669,10.7484598533516,8.10871331692831,0.0878584316446911
18650,"2021","01","23",23,6.66651979937609,316.241077685205,3161.97079332982,0.305806383683944,0.988000000000002,525.062724542116,17.1516,1.45724323039576,8.0612340664261,10.7113637937134,8.09334645684248,0.0887463759818627
18651,"2021","01","24",24,6.55441802645316,317.723271301521,3176.7906673296,0.106118177005798,0.925999999999998,750.98950870875,16.2256,1.43582026845718,8.01759563635812,10.6789937747624,8.07913722251399,0.0896838846972334
18652,"2021","01","25",25,6.32482789492934,319.343153124516,3192.98723183174,0.138839021957262,0,454.780782003557,19.7128,1.42096196024812,7.97444474443188,10.6459656794802,8.06608982444562,0.0866048332334731
18653,"2021","01","26",26,6.14367673763621,320.004314102558,3199.59792174452,0.142922137047891,0,454.723886915934,19.7628,1.38726777981776,7.9313187484766,10.6210142458759,8.05420812886299,0.0865684629943221
18654,"2021","01","27",27,5.95655595527523,320.66139196551,3206.1677861872,0.127822560551468,0.25,486.132259146804,19.5128,1.35168520573222,7.88834135176626,10.5962571625471,8.04349565656895,0.0867521484769013
18655,"2021","01","28",28,5.93459791254924,321.583569404959,3215.38827756405,0.125509604082395,0,464.912551528364,26.6628,1.31504101123141,7.84578047540981,10.5695094291497,8.03395558190022,0.0828423752687375
18656,"2021","01","29",29,5.89165452652475,322.258059800877,3222.13224311048,0.133959132217091,0.25,523.705490745405,26.4128,0.458827274818304,7.19860901890786,10.4052108025004,8.02559073178683,0.0829437892846453
18657,"2021","01","30",30,5.59401969927853,323.174100668659,3231.29137730844,0.147586166986222,0.25,758.39882438905,26.1628,0.405330902427124,7.15474695496749,10.3776046921499,8.01840358491438,0.083047118362414
18658,"2021","01","31",31,5.40938033374056,324.076514501673,3240.31426011788,0.109091890013815,0.25,1314.90995512721,25.9128,0.342670340879806,7.11155726330878,10.3502033020029,8.01239627098962,0.0831524172639927
18659,"2021","02","01",32,5.28045192247669,325.017422611659,3249.72203214029,0.0809920863273407,0.25,1435.36111124369,25.6628,0.267053019946616,7.06917112614093,10.3226340124445,8.00757057010929,0.0832597428593426
18660,"2021","02","02",33,5.57817481771343,325.986430525332,3259.41076310455,0.130472961667815,0,547.805419563227,29.2128,0.11830366046479,7.02753859206086,10.2949919518647,8.00392791223273,0.0819060417231102
18661,"2021","02","03",34,5.49837014480102,326.655957563664,3266.1051019806,0.16325585968294,0,663.330717877668,29.2628,-0.0327797886131975,6.9855562872043,10.269546731796,8.00146937675807,0.0818892960984515
18662,"2021","02","04",35,5.22039093429026,327.292701703981,3272.47165748706,0.182311855925398,0,719.565298467988,29.7128,-0.0728034665404493,6.94386485914248,10.2443776801928,8.00019569220243,0.0817410949780205
18663,"2021","02","05",36,5.15541879257063,327.910389848056,3278.64767954354,0.135273082526643,0.0500000000000007,834.58789493041,29.6628,-0.118851931969402,6.90237692800963,10.2193788339155,8.00010723598604,0.0817573420508373
18664,"2021","02","06",37,4.97046279704631,328.625116765529,3285.79395432479,0.149614762841199,0.149999999999999,1181.31460008641,29.5128,-0.172418000419896,6.86135184463933,10.1937689956199,8.00120403432039,0.0818064100844844
18665,"2021","02","07",38,4.99239910242107,329.425502002688,3293.79669312721,0.130688361265593,0.25,865.226094872811,29.2628,-0.23133885725224,6.82069869069073,10.1676589450801,8.00348576220045,0.0818892960984515
18666,"2021","02","08",39,5.0155786837982,330.344813641422,3302.98853048409,0.124149398496538,0.25,895.758160853001,29.0128,-0.29326880988242,6.78056206314659,10.1408755689322,8.00695174350101,0.0819735951991271
18667,"2021","02","09",40,4.71969245187876,331.270664242926,3312.24574837105,0.147018664326218,0.25,1504.32815352618,28.7628,-0.353029847292646,6.74058807988928,10.1141892010761,8.01160095117702,0.0820593438338262
18668,"2021","02","10",41,4.70141116260083,332.1736455786,3321.27430541753,0.128265735597473,0,720.39756631202,29.9128,-0.414995134659193,6.70069797865597,10.0877987101691,8.01743200756789,0.0816766441709672
18669,"2021","02","11",42,4.73811056616938,332.845379843002,3327.99071348339,0.148248612501753,0.25,980.358569671538,29.6628,-0.483876402757744,6.66003608793181,10.0629740685959,8.02444318480577,0.0817573420508373
18670,"2021","02","12",43,4.94084806869159,333.747131230501,3337.00697275933,0.129526274076068,0.25,866.472672437175,29.4128,-0.550753189194154,6.62048261328056,10.0368687766184,8.03263240532754,0.0818393972012917
18671,"2021","02","13",44,4.91548798634966,334.667604956424,3346.21042937131,0.156399272741514,0.25,2197.32989580349,29.1628,-0.610885219395755,6.58125446307355,10.0108235779855,8.04199724249042,0.081922844154963
18672,"2021","02","14",45,5.13428042789712,335.561205683683,3355.1451933848,0.127146615928579,0.25,868.779177256015,28.9128,-0.66319437002312,6.54216153316622,9.98511020826271,8.05253492129104,0.082007718625975
18673,"2021","02","15",46,4.78475218336331,336.484059067754,3364.37244326745,0.0929281950597021,0.25,2319.11229044539,28.6628,-1.1422834815553,6.50345412404562,9.95940692138936,8.06424231918776,0.0820940575609082
18674,"2021","02","16",47,4.84922021218102,337.441130872695,3373.94182975099,0.0781367585532611,0.25,900.182175868425,28.4128,-2.12002316144179,6.46517393162321,9.74874336693352,8.07711596702591,0.0821818991924256
18675,"2021","02","17",48,4.92148142721453,338.412994114141,3383.65911002039,0.133292684296796,0.25,988.368495180283,28.1628,-2.47142066103129,6.42723300440997,9.72224608351365,8.0911520500658,0.082271283095723
18676,"2021","02","18",49,4.93805723181555,339.329701429845,3392.82490777033,0.122786776075323,0.25,902.61697836907,27.9128,-2.44436942068808,6.38921675257706,9.6962255664601,8.1063464091131,0.0823622502479807
18677,"2021","02","19",50,5.25449222244526,340.256914653769,3402.0957499857,0.128254777651688,0.149999999999999,903.127630091395,27.7628,-2.3309457893223,6.35135074152407,9.6703602150738,8.12269454175131,0.0824176080917444
18678,"2021","02","20",51,5.60248892570922,341.078659876118,3410.31205892205,0.0979191416040088,0.48,962.806711402184,27.5128,-2.02534216138224,6.31298720716683,9.64516745221886,8.14019160367591,0.0825111973551818
18679,"2021","02","21",52,5.78154946626768,342.260740734514,3422.13122288696,0.0685554233498585,1.0108,996.51693220885,26.592,-1.36864814149448,6.27670727788944,9.61861223004775,8.15883241012982,0.0828709044419338
18680,"2021","02","22",53,5.80942523454445,344.002985311164,3439.5512446834,0.0800026760325855,0.978000000000002,1002.97350066799,25.614,-0.700494679037774,6.24396495983416,9.59005745205741,8.1786114374398,0.083280934236305
18681,"2021","02","23",54,5.79002333653426,345.700982635131,3456.52885551383,0.106108897775057,1.0072,1008.99748477398,24.6568,-0.685949820132691,6.2116664613111,9.56218517155668,8.19952282465319,0.0837133429440974
18682,"2021","02","24",55,5.77838114627508,347.402073737356,3473.5373998225,0.0595013275788956,0.925999999999998,1045.69062495687,23.7308,-0.671491977521555,6.18015655954008,9.53479431272314,8.22156037527464,0.084164418198453
18683,"2021","02","25",56,5.86969448949873,349.068572409777,3490.20006796128,0,0.853200000000001,1082.00736138756,22.8776,-0.657602763018076,5.45536436051356,9.50802943271879,8.24471755910231,0.0846119140422888
18684,"2021","02","26",57,5.7659543704948,350.721772409777,3506.72976787817,0.173330990179569,1.2744,3308.44993279907,21.6032,-0.644186568230339,5.42564266570241,9.48180454161729,8.26898751416285,0.0853452076793926
18685,"2021","02","27",58,5.73808632563367,352.622841419598,3525.73781303523,0.173385313050673,1.03,2479.66213326384,20.5732,-0.630457057962701,5.39914134416489,9.45525165204697,8.29436304874478,0.086003255395339
18686,"2021","02","28",59,5.72251849772289,354.279456106547,3542.3016550708,0.131841229134341,0.863600000000002,2499.87167201383,19.7096,-0.617846323876336,5.3718548298333,9.20400212524481,8.32083664352957,0.0866071671127802
18687,"2021","03","01",60,5.70501969711552,355.811214877413,3557.6171116565,0.144654548979376,0.925999999999998,1711.90267822933,18.7836,-0.605950762470286,5.34465456855378,9.17908370309459,8.34840045381973,0.0873153915429242
18688,"2021","03","02",61,5.68582412343636,357.392560328433,3573.42836605423,0.210025895082956,0.790800000000001,2291.57859530799,17.9928,-0.59424691933549,5.31894650288132,9.15450328931001,8.37704631186339,0.087976928118855
18689,"2021","03","03",62,5.6633624303675,358.77333443335,3587.23418604413,0.151738406856421,0.915600000000001,3676.63199481193,17.0772,-0.583409724849844,5.29254782737223,9.1307971610446,8.4067657292746,0.0888180124652147
18690,"2021","03","04",63,5.63846641211313,360.337196026494,3602.87062618823,0.224759146172646,0.805999999999999,2752.96104195311,16.2812,-0.572359579191072,5.26871964565885,9.10714044057926,8.43754989954856,0.0896246414885156
18691,"2021","03","05",64,5.4495041816881,361.718436880321,3616.68111301785,0.172426251340404,0.733599999999999,3167.53381695478,15.5476,-0.562081708666597,5.2442608547787,9.08425684046858,8.46938970067126,0.0904397206041808
18692,"2021","03","06",65,5.48141703770875,363.079610628981,3630.29095671498,0.387666088546938,0.27,1783.64748449558,15.2976,-0.552111159386868,5.22053591906672,9.06179844626405,8.50227569782247,0.0907349866775979
18693,"2021","03","07",66,5.33400422179585,363.761944540434,3637.11334650414,0.527092340657816,0.6396,2027.78124553644,14.668,-0.544141616446893,5.19146731282228,9.04069175265369,8.53619814617148,0.0915222382401624
18694,"2021","03","08",67,5.12188664161005,364.674452199776,3646.23715353342,0.240660654735399,0.590800000000002,4386.2376145586,14.0772,-0.535766053429256,5.16517206581381,9.01945614376149,8.57114699376474,0.0923236152413773
18695,"2021","03","09",68,5.12400097211929,365.824591545041,3657.73694680697,0.186098339154329,0.171200000000001,1620.79609959735,13.906,-0.527168148273347,5.14184162421719,8.99819507414486,8.60711188450447,0.0925682783450061
18696,"2021","03","10",69,5.05811846049147,366.609693205886,3665.58687111016,0.110488543343405,0.0500000000000007,1654.28503612843,13.856,-0.520173094439599,5.11581492955679,8.97759915409313,8.64408216121733,0.0926408490459524
18697,"2021","03","11",70,5.15406770857999,367.349204662543,3672.98095680073,0.358398711301708,0,1744.96956361954,15.506,-0.518391082241919,5.09003113552541,8.95723604810837,8.68204686881247,0.0904882056986828
18698,"2021","03","12",71,5.40360869646275,367.790805951241,3677.39635529159,0.114505749761265,0.7012,1593.492383686,14.9648,-0.53008979426545,5.06196807306924,8.93724483885205,8.72099475752767,0.0911430366492147
18699,"2021","03","13",72,5.49182925952368,369.17750020148,3691.26136849806,0.12381170999598,0.8736,2009.79586984679,14.1012,-0.534964424967882,5.04399010964971,8.91688631795853,8.76091428626294,0.0922897810826558
18700,"2021","03","14",73,5.48337893155775,370.727288491484,3706.75709519083,0.127569735033848,0.9468,1840.48029054207,13.1544,-0.529569235218673,5.02856873141002,8.8968674036467,8.80179362600039,0.093715982657243
18701,"2021","03","15",74,5.46826607096943,372.34651875645,3722.9471450192,0.112224645770756,0.816800000000001,2583.14825446156,12.3376,-0.520774446660596,5.01479087614399,8.6009814558567,8.8436206633094,0.0951178553363683
18702,"2021","03","16",75,5.43402849807808,373.851094110679,3737.99080525859,0.126910058883366,0.816800000000001,3698.26753990238,11.5208,-0.512441780775703,5.0007343184858,8.58155502962194,8.88638300393612,0.0967132139236229
18703,"2021","03","17",76,5.28260267328955,375.340984051796,3752.88763179855,0.162203856976158,0.676399999999999,2669.05168068172,10.8444,-0.504319503776799,4.98734192297877,8.56257371437152,8.93006797647613,0.0982111186780888
18704,"2021","03","18",77,5.23992564002111,376.65518019482,3766.02776479887,0.175898428036182,0.6492,2320.22406950501,10.1952,-0.496589891380779,4.97283881041011,8.54385664332614,8.97466263612927,0.0998301111280256
18705,"2021","03","19",78,5.09281736786045,377.928481766784,3778.75900898486,0.184565447037215,0.6244,3597.44706588829,9.5708,-0.488364086294268,4.95854329382826,8.52548818964698,9.02015376853546,0.101587861622497
18706,"2021","03","20",79,5.27333948844478,379.168316319747,3791.15562954322,0.274389087783572,0.25,2489.30498728934,9.3208,-0.483172691337359,4.25946220709585,8.50746103675851,9.06652789369037,0.102355500207555
18707,"2021","03","21",80,5.16194967358888,379.943927231963,3798.91065956452,0.413207542442679,0.7128,5321.09591184146,8.608,-0.485221995544578,4.24275700982361,8.48908512128969,9.1137712699399,0.104780347857271
18708,"2021","03","22",81,5.37646997930847,381.04351968952,3809.90505428645,0.203959633728305,0.9624,2721.5989028712,7.6456,-0.485175916528362,4.23113981192745,8.47150955724641,9.16186989805206,0.108743241885238
18709,"2021","03","23",82,5.4109853237909,382.601960055792,3825.48728970434,0.112011873912396,0.8688,5955.45900219843,6.7768,-0.480526729765472,4.22646051762791,8.455145958412,9.21080952536529,0.113244444444444
18710,"2021","03","24",83,5.41546139740723,384.15874818188,3841.05300501914,0.123267833480091,0.9,4095.63754064389,5.8768,-0.471892496222324,4.22272131292118,8.43925714163197,9.26057565001182,0.119239276485788
18711,"2021","03","25",84,5.42472234755854,385.7354803484,3856.81813299028,0.155283613224401,1.0664,6191.67308575639,4.8104,-0.462784563999662,4.22005986266089,8.42388787829378,9.31115352521487,0.129067582331824
18712,"2021","03","26",85,5.49266112252798,387.446596735175,3873.92691619636,0.0643698394381556,1.0404,5090.66906203123,3.77,-0.453451389177815,4.2198533457854,8.40931628146473,9.36252816365846,0.143601292470381
18713,"2021","03","27",86,5.52820422746481,389.222626895737,3891.68474682632,0.0398552040532887,0.9832,7091.26426735876,2.7868,-0.444052983385006,4.2210927470262,8.39542203326084,9.41468434192846,0.166295809155384
18714,"2021","03","28",87,5.41347617180122,390.965971691684,3909.11576928499,0.0633561861637285,1.1948,5568.2887653883,1.762,-0.434817940869323,4.22239888333092,8.38196689419652,9.46760660502363,0.212817253995763
18715,"2021","03","29",88,5.63629178855973,392.89741550552,3928.427520222,0,0.8496,7637.05864831248,0.992400000000001,-0.425257982173719,4.22665382639582,8.04577272558254,9.52127927093525,0.295696543285408
18716,"2021","03","30",89,5.64778912014998,394.54701550552,3944.92122514755,0,0.8684,13076.8174643436,0.124000000000001,-0.416408009994939,4.22750631499667,8.03342202491103,9.57568643529407,0.45
18717,"2021","03","31",90,5.64301973922505,396.21541550552,3961.60290391682,0,0.284000000000001,24105.2478210967,0,-0.407630544678625,4.22892993671792,8.02165479568583,9.63081197608309,0.85
18718,"2021","04","01",91,5.8374387629292,397.29941550552,3972.44139575683,0.158333667971825,0,52184.2160006906,0,-0.400216204684796,4.22266435635225,8.00798718140544,9.68663955841486,0.85
18719,"2021","04","02",92,5.69664112717675,397.941081837548,3978.8571663322,0.198337556004872,0.04,28364.5929748302,0,-0.393889702547369,4.21046497278991,7.99277191301519,9.74315263937187,0.85
18720,"2021","04","03",93,5.62300781664374,398.582744281543,3985.27289803265,0.252400898023859,0,44826.8575475838,0,-0.387704797731772,4.198329942881,7.97778392533411,9.8003344729086,0.85
18721,"2021","04","04",94,5.72584810927464,399.130343383519,3990.74812718244,0.267066031349463,0,66132.0364381975,0,-0.381817385565739,4.18495288408633,7.96258620698461,9.85816811481367,0.85
18722,"2021","04","05",95,5.65733638766227,399.66327735217,3996.07672540245,0.213714054840371,0.4,28640.7599365904,0,-0.376043908523172,4.17147029530793,7.94751734293067,9.91663642773084,0.85
18723,"2021","04","06",96,5.49984431900714,400.64956329733,4005.93821264279,0.394884659911606,0,40207.2217719227,0,-0.369387754538764,4.16468099680412,7.93490784849973,9.97572208623715,0.85
18724,"2021","04","07",97,5.59585579031102,401.054678637418,4009.98880241015,0.155278495328775,0.07,35323.5183486224,0,-0.363929680784167,4.14974867909808,7.91961936159987,10.0354075819768,0.85
18725,"2021","04","08",98,5.70539709577628,401.769400142089,4017.13502307091,0.20570829157309,0,60874.7530286254,0,-0.357904716141491,4.13958944519453,7.90614001440662,10.0956752288493,0.85
18726,"2021","04","09",99,5.60282205542239,402.363691850516,4023.07711332218,0.221365008231628,0.91,28607.2737030288,0,-0.352132631569532,4.1279605540937,7.89223824134098,10.1565071682502,0.85
18727,"2021","04","10",100,5.6440192469318,403.852326842284,4037.96139211466,0.251953554727154,0.04,71523.5622285745,0,-0.344577327890534,4.13006199121116,7.88362405649121,10.2178853743629,0.85
18728,"2021","04","11",101,5.92042721976583,278.890561279845,2788.51759473208,0.181191510399571,0.28,40178.5938745108,0,5.62408075577173,5.64401924709404,5.740262816675,10.2797916595004,0.85
18729,"2021","04","12",102,6.21760228290088,154.55031980606,1545.28817351487,0.0841416030687735,0.11,22416.5306685897,0,5.91580206980649,6.62108000480288,6.98934352856872,10.3422076794944,0.85
18730,"2021","04","13",103,6.32093618161889,155.376178202991,1553.54560847442,0.159175099317461,0.01,35457.9056421661,0,5.96186291270544,7.07328840848095,7.32702717534085,10.4051149391309,0.85
18731,"2021","04","14",104,6.39577025685173,156.027003103674,1560.05295199409,0.16148484606273,0,49068.7838021356,0,6.08493365314069,7.24319921728988,7.45094486612447,10.4684947976315,0.85
18732,"2021","04","15",105,6.86855641572873,156.665518257611,1566.43721517276,0.18659178895038,0.01,55524.2791608988,0,6.19689357994298,7.34769136610794,7.52796266137858,10.5323284741761,0.85
18733,"2021","04","16",106,7.06206511333579,157.288926468661,1572.67042994071,0.263307986213771,0,66899.4379939148,0,6.35607273727237,7.42196907129232,7.58322627633828,10.5965970534688,0.85
18734,"2021","04","17",107,7.46052841724787,157.825618482447,1578.03660338354,0.220512985632362,0.01,52344.3780867831,0,6.63035451034966,7.47799524426449,7.62518355317576,10.6612814913424,0.85
18735,"2021","04","18",108,7.9713894355931,158.415105496814,1583.93065337895,0.192057002719785,0,70935.1330356363,0,6.96693700697949,7.38546625771539,7.6601470812181,10.7263626204021,0.85
18736,"2021","04","19",109,8.31899205847895,159.023048494095,1590.00923752583,0.202899790567958,0,73324.772738337,0,7.41017039224096,7.43416120571692,7.69022838585448,10.7918211557047,0.85
18737,"2021","04","20",110,8.98925942657326,159.620148703527,1595.9794088797,0.150660201806344,0,72885.6545300371,0,7.95467524199199,7.47659912550853,7.71671107397697,10.8576377004735,0.85
18738,"2021","04","21",111,8.97834240507183,160.26948850172,1602.4719034407,0.209358341476243,0.05,52878.7602330841,0,8.55047944513029,7.51595764951418,7.74158757202059,10.9237927518458,0.85
18739,"2021","04","22",112,8.10040590435784,160.910130160244,1608.87742870664,0.256821805001144,0.37,25562.2473385267,0,9.12874917752583,7.55256577172395,7.76500589274542,10.9902667066522,0.85
18740,"2021","04","23",113,7.76311538782397,161.823308355243,1618.00794015958,0.392561530284777,0,42415.7849555161,0,9.33716830491471,7.59293286897611,7.79143282476014,11.0570398672253,0.85
18741,"2021","04","24",114,7.43426106394708,162.230746824958,1622.08175799105,0.377956127095924,0.05,34684.1175480033,0,9.10284873949803,7.62345728439237,7.81149375965083,11.1240924472364,0.85
18742,"2021","04","25",115,7.08736002341743,162.702790697862,1626.80153996946,0.392346287032784,0.02,28508.7931927528,0,8.73977958562153,7.65717689680423,7.83354519377912,11.1914045775591,0.85
18743,"2021","04","26",116,6.94193008842751,163.13044441083,1631.07748210816,0.334260315308138,0,27752.17946339,0,8.30701942866682,7.69192345691624,7.85652199532632,11.2589563121564,0.85
18744,"2021","04","27",117,7.44361470239971,163.596184095521,1635.73423097542,0.253305395802425,0,51936.8365931747,0,7.84842098307456,7.72954637220278,7.8819207661831,11.3267276339914,0.85
18745,"2021","04","28",118,7.85442902572959,164.142878699719,1641.20041640584,0.137010298806617,0,31446.4962077336,0,7.57144265829976,7.77025176617212,7.91022554551233,11.3946984609588,0.85
18746,"2021","04","29",119,7.83461597864829,164.805868400912,1647.82939100584,0.173623239427306,0,31747.4713947465,0,7.59391673457026,7.75067216907689,7.94143472314585,11.4628486518358,0.85
18747,"2021","04","30",120,8.10767393769493,165.432245161485,1654.09228713891,0.236572010231858,0,60680.5166165912,0,7.7384654697949,7.79826132321546,7.9727828313143,11.5311580122498,0.85
18748,"2021","05","01",121,8.28717275192872,165.995673151253,1659.72578314402,0.192075965097721,0,38589.0269901066,0,7.89222301955164,7.84218523575908,8.00322017892864,11.5996063006633,0.85
18749,"2021","05","02",122,8.23869306612312,166.603597186155,1665.8041776935,0.246473241332304,0.04,42531.4127190418,0,8.09903407445563,7.88412391347754,8.03348635317792,11.6681732343712,0.85
18750,"2021","05","03",123,8.95602122295952,167.197123944823,1671.73861951144,0.126514912750031,0,47542.9890468684,0,8.30271982982492,7.92250370826059,8.06222873085875,11.736838495511,0.85
18751,"2021","05","04",124,8.58168900860153,167.870609032073,1678.47253336987,0.277168242233848,0,35552.8399840041,0,8.53851398169911,7.95965498784142,8.09055725305683,11.8055817370842,0.85
18752,"2021","05","05",125,8.1125571693604,168.393440789839,1683.70012353615,0.284622895185404,1.76,29570.8748063824,0,8.81922509752553,7.99110336076171,8.11532030151164,11.8743825889845,0.85
18753,"2021","05","06",126,7.94417040827773,170.668817894654,1706.45072887148,0.237192170246448,0.02,29620.9055541422,0,9.10256079092159,8.02130583307252,8.16259463405913,11.9432206640348,0.85
18754,"2021","05","07",127,8.00976297567479,171.251625724407,1712.27799631344,0.21846805146592,0.03,32012.5927518431,0,8.79098089798902,8.04910470832118,8.18420450909724,12.0120755640277,0.85
18755,"2021","05","08",128,8.7113637581561,171.863157672941,1718.39246497958,0.154636362523708,0.02,58551.0505070228,0,8.52436856066277,8.07892001459174,8.2069669305244,12.0809268857704,0.85
18756,"2021","05","09",129,8.87208922926118,172.528521310418,1725.04517563957,0.11511668918486,0.52,33641.9771193279,0,8.57945611978539,8.11076825787939,8.23014411541561,12.1497542271303,0.85
18757,"2021","05","10",130,9.60343260355683,173.733404621233,1737.09233240382,0,0.6,39461.4142765253,0,8.91401189150764,8.15487792432697,8.26052526908057,12.2185371930807,0.85
18758,"2021","05","11",131,10.8341197317176,175.133404621233,1751.09038459572,0,0,56904.4606666136,0,9.40102647428972,8.20180386506718,8.29286008566879,12.2872554017444,0.85
18759,"2021","05","12",132,11.1580625051364,175.933404621233,1759.08927156253,0.172456897782585,0,93585.5721958026,0,10.2909521204632,8.23363948070647,8.31643762725452,12.355888490433,0.85
18760,"2021","05","13",133,11.6473379191189,176.56094772345,1765.36382948932,0.114380021258642,0.01,83378.939542003,0,11.4665506449134,8.26165198093196,8.33800028807588,12.4244161216813,0.85
18761,"2021","05","14",134,11.9280272143274,177.256567702192,1772.31906146657,0,0.32,39073.2400956256,0,12.5822057416421,8.29136672827804,8.36048005725991,12.492817989273,0.85
18762,"2021","05","15",135,11.3170191264023,178.376567702192,1783.51750322009,0.156875042882744,0.27,33831.5986852579,0,13.4607847833699,8.31927337059602,8.38861603350972,12.5610738242587,0.85
18763,"2021","05","16",136,11.3018330889715,179.289692659309,1792.64748236828,0.145923178085181,0,37834.2415113684,0,13.8888150489224,8.35687256739175,8.41320814056081,12.6291634009613,0.85
