station,date,glorad
606900,01/01/2014,0.5
606900,02/01/2014,0.3
606900,03/01/2014,0.4
606900,04/01/2014,1.3
606900,05/01/2014,0.6
606900,06/01/2014,0.6
606900,07/01/2014,0.5
606900,08/01/2014,0.6
606900,09/01/2014,0.3
606900,10/01/2014,1.2
606900,11/01/2014,0.8
606900,12/01/2014,1.9
606900,13/01/2014,0.6
606900,14/01/2014,1.2
606900,15/01/2014,0.6
606900,16/01/2014,0.5
606900,17/01/2014,0.5
606900,18/01/2014,0.6
606900,19/01/2014,0.5
606900,20/01/2014,0.2
606900,21/01/2014,0.7
606900,22/01/2014,0.7
606900,23/01/2014,0.7
606900,24/01/2014,1.5
606900,25/01/2014,2.1
606900,26/01/2014,0.8
606900,27/01/2014,0.9
606900,28/01/2014,0.6
606900,29/01/2014,1
606900,30/01/2014,1.5
606900,31/01/2014,0.8
606900,01/02/2014,1.1
606900,02/02/2014,2.7
606900,03/02/2014,4.7
606900,04/02/2014,1.7
606900,05/02/2014,2.4
606900,06/02/2014,1.5
606900,07/02/2014,0.8
606900,08/02/2014,1.5
606900,09/02/2014,1.1
606900,10/02/2014,1.9
606900,11/02/2014,3.9
606900,12/02/2014,4.7
606900,13/02/2014,3.4
606900,14/02/2014,3
606900,15/02/2014,2.4
606900,16/02/2014,2.1
606900,17/02/2014,5.6
606900,18/02/2014,2.4
606900,19/02/2014,2.6
606900,20/02/2014,1.9
606900,21/02/2014,4.2
606900,22/02/2014,2.7
606900,23/02/2014,3.4
606900,24/02/2014,6.5
606900,25/02/2014,6.3
606900,26/02/2014,4.4
606900,27/02/2014,7.2
606900,28/02/2014,4.5
606900,01/03/2014,4.2
606900,02/03/2014,3.1
606900,03/03/2014,5.9
606900,04/03/2014,5
606900,05/03/2014,2.6
606900,06/03/2014,4.9
606900,07/03/2014,4.7
606900,08/03/2014,8
606900,09/03/2014,11.3
606900,10/03/2014,7.9
606900,11/03/2014,12.9
606900,12/03/2014,12.7
606900,13/03/2014,12.8
606900,14/03/2014,7.5
606900,15/03/2014,11.4
606900,16/03/2014,9.6
606900,17/03/2014,10.2
606900,18/03/2014,4.2
606900,19/03/2014,3.9
606900,20/03/2014,13.2
606900,21/03/2014,7.1
606900,22/03/2014,9.8
606900,23/03/2014,10.5
606900,24/03/2014,10.2
606900,25/03/2014,13
606900,26/03/2014,7.2
606900,27/03/2014,3.8
606900,28/03/2014,9.5
606900,29/03/2014,13.4
606900,30/03/2014,13.7
606900,31/03/2014,5.9
606900,01/04/2014,10
606900,02/04/2014,5.6
606900,03/04/2014,17.6
606900,04/04/2014,15.4
606900,05/04/2014,2.6
606900,06/04/2014,6.7
606900,07/04/2014,5.7
606900,08/04/2014,4.1
606900,09/04/2014,9.6
606900,10/04/2014,9.5
606900,11/04/2014,14.9
606900,12/04/2014,8.8
606900,13/04/2014,12.9
606900,14/04/2014,14.2
606900,15/04/2014,21.9
606900,16/04/2014,19.6
606900,17/04/2014,8.9
606900,18/04/2014,10.8
606900,19/04/2014,19
606900,20/04/2014,20.8
606900,21/04/2014,12.4
606900,22/04/2014,17.4
606900,23/04/2014,14.5
606900,24/04/2014,5.8
606900,25/04/2014,21.2
606900,26/04/2014,23.2
606900,27/04/2014,22.7
606900,28/04/2014,22.6
606900,29/04/2014,23.4
606900,30/04/2014,16.5
606900,01/05/2014,23.9
606900,02/05/2014,22.9
606900,03/05/2014,21.5
606900,04/05/2014,20.8
606900,05/05/2014,6.6
606900,06/05/2014,10.4
606900,07/05/2014,13.7
606900,08/05/2014,10.7
606900,09/05/2014,8.9
606900,10/05/2014,12.2
606900,11/05/2014,11
606900,12/05/2014,11.4
606900,13/05/2014,7.4
606900,14/05/2014,15.7
606900,15/05/2014,24.9
606900,16/05/2014,18.4
606900,17/05/2014,25.9
606900,18/05/2014,21.1
606900,19/05/2014,12.8
606900,20/05/2014,25.4
606900,21/05/2014,16.8
606900,22/05/2014,20.8
606900,23/05/2014,8.6
606900,24/05/2014,20
606900,25/05/2014,25.4
606900,26/05/2014,24.7
606900,27/05/2014,25.5
606900,28/05/2014,21.4
606900,29/05/2014,29.6
606900,30/05/2014,27.6
606900,31/05/2014,14.7
606900,01/06/2014,21.6
606900,02/06/2014,23.2
606900,03/06/2014,17.1
606900,04/06/2014,21.9
606900,05/06/2014,16.4
606900,06/06/2014,21.2
606900,07/06/2014,26.5
606900,08/06/2014,16.6
606900,09/06/2014,29.2
606900,10/06/2014,25
606900,11/06/2014,21.1
606900,12/06/2014,27.2
606900,13/06/2014,23
606900,14/06/2014,27.2
606900,15/06/2014,27.1
606900,16/06/2014,23.4
606900,17/06/2014,26.4
606900,18/06/2014,24.7
606900,19/06/2014,14.3
606900,20/06/2014,13.7
606900,21/06/2014,25.1
606900,22/06/2014,29.7
606900,23/06/2014,28.3
606900,24/06/2014,18.3
606900,25/06/2014,17.1
606900,26/06/2014,25.4
606900,27/06/2014,15.3
606900,28/06/2014,14.6
606900,29/06/2014,16.2
606900,30/06/2014,24
606900,01/07/2014,20.7
606900,02/07/2014,14.7
606900,03/07/2014,7.7
606900,04/07/2014,23.5
606900,05/07/2014,10.2
606900,06/07/2014,16.1
606900,07/07/2014,16.8
606900,08/07/2014,16.6
606900,09/07/2014,26
606900,10/07/2014,27.5
606900,11/07/2014,27.6
606900,12/07/2014,21.7
606900,13/07/2014,2.5
606900,14/07/2014,7.9
606900,15/07/2014,9.8
606900,16/07/2014,22.5
606900,17/07/2014,18.8
606900,18/07/2014,27.5
606900,19/07/2014,26.1
606900,20/07/2014,21.3
606900,21/07/2014,26.5
606900,22/07/2014,25.1
606900,23/07/2014,26.6
606900,24/07/2014,26.3
606900,25/07/2014,24.9
606900,26/07/2014,19.9
606900,27/07/2014,14.4
606900,28/07/2014,20.4
606900,29/07/2014,25.7
606900,30/07/2014,16.2
606900,31/07/2014,18.8
606900,01/08/2014,15.2
606900,02/08/2014,20.3
606900,03/08/2014,11
606900,04/08/2014,15.8
606900,05/08/2014,15.2
606900,06/08/2014,15.4
606900,07/08/2014,11.7
606900,08/08/2014,21.2
606900,09/08/2014,8.6
606900,10/08/2014,15
606900,11/08/2014,17.8
606900,12/08/2014,15.3
606900,13/08/2014,16
606900,14/08/2014,16
606900,15/08/2014,14.6
606900,16/08/2014,14.7
606900,17/08/2014,8.3
606900,18/08/2014,9
606900,19/08/2014,9.9
606900,20/08/2014,19.3
606900,21/08/2014,14.6
606900,22/08/2014,11.9
606900,23/08/2014,13.1
606900,24/08/2014,11.5
606900,25/08/2014,16.9
606900,26/08/2014,18.1
606900,27/08/2014,18.5
606900,28/08/2014,16.4
606900,29/08/2014,4.4
606900,30/08/2014,7.6
606900,31/08/2014,7.1
606900,01/09/2014,11.2
606900,02/09/2014,13
606900,03/09/2014,18.5
606900,04/09/2014,17.1
606900,05/09/2014,14.9
606900,06/09/2014,12.4
606900,07/09/2014,4.7
606900,08/09/2014,8.4
606900,09/09/2014,7.3
606900,10/09/2014,13.8
606900,11/09/2014,12.2
606900,12/09/2014,14.4
606900,13/09/2014,12.1
606900,14/09/2014,3.8
606900,15/09/2014,7.1
606900,16/09/2014,14.2
606900,17/09/2014,12.6
606900,18/09/2014,13.1
606900,19/09/2014,14.2
606900,20/09/2014,10.9
606900,21/09/2014,13.6
606900,22/09/2014,9.7
606900,23/09/2014,9.1
606900,24/09/2014,2.8
606900,25/09/2014,7.5
606900,26/09/2014,5.1
606900,27/09/2014,12.9
606900,28/09/2014,8
606900,29/09/2014,6.9
606900,30/09/2014,3.6
606900,01/10/2014,3.8
606900,02/10/2014,12.2
606900,03/10/2014,4.6
606900,04/10/2014,10.3
606900,05/10/2014,6.8
606900,06/10/2014,8.6
606900,07/10/2014,0.8
606900,08/10/2014,7.3
606900,09/10/2014,6.4
606900,10/10/2014,6.5
606900,11/10/2014,7.1
606900,12/10/2014,8.6
606900,13/10/2014,3.9
606900,14/10/2014,4.3
606900,15/10/2014,2.1
606900,16/10/2014,4.5
606900,17/10/2014,2.2
606900,18/10/2014,2
606900,19/10/2014,1.7
606900,20/10/2014,2.8
606900,21/10/2014,2.3
606900,22/10/2014,2.1
606900,23/10/2014,1.5
606900,24/10/2014,1
606900,25/10/2014,5.4
606900,26/10/2014,3.1
606900,27/10/2014,2.1
606900,28/10/2014,5.6
606900,29/10/2014,4.8
606900,30/10/2014,4.5
606900,31/10/2014,1
606900,01/11/2014,4.9
606900,02/11/2014,4.1
606900,03/11/2014,2.9
606900,04/11/2014,2.4
606900,05/11/2014,1.2
606900,06/11/2014,0.6
606900,07/11/2014,3.6
606900,08/11/2014,2.9
606900,09/11/2014,2.6
606900,10/11/2014,1.1
606900,11/11/2014,2.3
606900,12/11/2014,0.6
606900,13/11/2014,0.3
606900,14/11/2014,0.4
606900,15/11/2014,0.3
606900,16/11/2014,0.4
606900,17/11/2014,0.3
606900,18/11/2014,0.4
606900,19/11/2014,0.4
606900,20/11/2014,1.5
606900,21/11/2014,1.3
606900,22/11/2014,0.9
606900,23/11/2014,0.5
606900,24/11/2014,2.2
606900,25/11/2014,2
606900,26/11/2014,2
606900,27/11/2014,2.7
606900,28/11/2014,1.8
606900,29/11/2014,0.5
606900,30/11/2014,0.6
606900,01/12/2014,1.8
606900,02/12/2014,0.5
606900,03/12/2014,2
606900,04/12/2014,0.9
606900,05/12/2014,0.4
606900,06/12/2014,2.5
606900,07/12/2014,0.5
606900,08/12/2014,1.4
606900,09/12/2014,1.9
606900,10/12/2014,1.2
606900,11/12/2014,0.6
606900,12/12/2014,0.4
606900,13/12/2014,1.7
606900,14/12/2014,1.6
606900,15/12/2014,1.5
606900,16/12/2014,1.2
606900,17/12/2014,0.9
606900,18/12/2014,0.3
606900,19/12/2014,1.5
606900,20/12/2014,0.9
606900,21/12/2014,0.5
606900,22/12/2014,0.6
606900,23/12/2014,0.6
606900,24/12/2014,0.7
606900,25/12/2014,0.8
606900,26/12/2014,2.2
606900,27/12/2014,0.8
606900,28/12/2014,1.8
606900,29/12/2014,1
606900,30/12/2014,1.4
606900,31/12/2014,1.6
606900,01/01/2015,0.2
606900,02/01/2015,1.3
606900,03/01/2015,1.6
606900,04/01/2015,2.4
606900,05/01/2015,0.9
606900,06/01/2015,0.4
606900,07/01/2015,2.1
606900,08/01/2015,1.2
606900,09/01/2015,0.8
606900,10/01/2015,0.6
606900,11/01/2015,1.7
606900,12/01/2015,0.3
606900,13/01/2015,0.9
606900,14/01/2015,1.4
606900,15/01/2015,0.4
606900,16/01/2015,1.8
606900,17/01/2015,2.9
606900,18/01/2015,1.1
606900,19/01/2015,1.1
606900,20/01/2015,1
606900,21/01/2015,1.8
606900,22/01/2015,1.2
606900,23/01/2015,1.9
606900,24/01/2015,2.2
606900,25/01/2015,3.8
606900,26/01/2015,0.8
606900,27/01/2015,3.9
606900,28/01/2015,0.7
606900,29/01/2015,2.6
606900,30/01/2015,2.9
606900,31/01/2015,2.7
606900,01/02/2015,3.4
606900,02/02/2015,2.6
606900,03/02/2015,3.8
606900,04/02/2015,3
606900,05/02/2015,4.6
606900,06/02/2015,2.9
606900,07/02/2015,3
606900,08/02/2015,5.1
606900,09/02/2015,5.7
606900,10/02/2015,5.7
606900,11/02/2015,1.1
606900,12/02/2015,1.4
606900,13/02/2015,1.1
606900,14/02/2015,1.2
606900,15/02/2015,0.8
606900,16/02/2015,0.9
606900,17/02/2015,2.6
606900,18/02/2015,2
606900,19/02/2015,1.7
606900,20/02/2015,1.9
606900,21/02/2015,1.9
606900,22/02/2015,5.4
606900,23/02/2015,4.6
606900,24/02/2015,3.8
606900,25/02/2015,4.2
606900,26/02/2015,5.6
606900,27/02/2015,5.6
606900,28/02/2015,7.3
606900,01/03/2015,2.3
606900,02/03/2015,4.9
606900,03/03/2015,8.5
606900,04/03/2015,4.1
606900,05/03/2015,7.3
606900,06/03/2015,2
606900,07/03/2015,4.7
606900,08/03/2015,5.2
606900,09/03/2015,12.4
606900,10/03/2015,7.5
606900,11/03/2015,13.1
606900,12/03/2015,12.5
606900,13/03/2015,11.9
606900,14/03/2015,9.4
606900,15/03/2015,6.3
606900,16/03/2015,10.1
606900,17/03/2015,11.3
606900,18/03/2015,9.8
606900,19/03/2015,14
606900,20/03/2015,3.9
606900,21/03/2015,4.1
606900,22/03/2015,9.4
606900,23/03/2015,5.7
606900,24/03/2015,12.5
606900,25/03/2015,3.5
606900,26/03/2015,5.3
606900,27/03/2015,9.3
606900,28/03/2015,10.1
606900,29/03/2015,8.6
606900,30/03/2015,11.8
606900,31/03/2015,4.5
606900,01/04/2015,15
606900,02/04/2015,17.3
606900,03/04/2015,19.4
606900,04/04/2015,16.7
606900,05/04/2015,13
606900,06/04/2015,19.3
606900,07/04/2015,8.6
606900,08/04/2015,16.9
606900,09/04/2015,19
606900,10/04/2015,13
606900,11/04/2015,15.6
606900,12/04/2015,12.5
606900,13/04/2015,18.7
606900,14/04/2015,3.3
606900,15/04/2015,5.2
606900,16/04/2015,19.2
606900,17/04/2015,18.8
606900,18/04/2015,21.4
606900,19/04/2015,22.3
606900,20/04/2015,22.6
606900,21/04/2015,22.8
606900,22/04/2015,23
606900,23/04/2015,9.9
606900,24/04/2015,9.2
606900,25/04/2015,8.6
606900,26/04/2015,19.5
606900,27/04/2015,16.8
606900,28/04/2015,20
606900,29/04/2015,16.2
606900,30/04/2015,11.4
606900,01/05/2015,19.2
606900,02/05/2015,22.1
606900,03/05/2015,22.6
606900,04/05/2015,11.2
606900,05/05/2015,5.8
606900,06/05/2015,17.4
606900,07/05/2015,12.5
606900,08/05/2015,22.1
606900,09/05/2015,4.6
606900,10/05/2015,24.8
606900,11/05/2015,20.7
606900,12/05/2015,6.6
606900,13/05/2015,10.2
606900,14/05/2015,22.2
606900,15/05/2015,25.4
606900,16/05/2015,8.1
606900,17/05/2015,18.3
606900,18/05/2015,12
606900,19/05/2015,19.6
606900,20/05/2015,17.6
606900,21/05/2015,14.2
606900,22/05/2015,16.8
606900,23/05/2015,17.4
606900,24/05/2015,21.3
606900,25/05/2015,18.5
606900,26/05/2015,16.6
606900,27/05/2015,19.2
606900,28/05/2015,16
606900,29/05/2015,12.2
606900,30/05/2015,19.6
606900,31/05/2015,16
606900,01/06/2015,23.2
606900,02/06/2015,5.2
606900,03/06/2015,15.8
606900,04/06/2015,28.4
606900,05/06/2015,23.3
606900,06/06/2015,22
606900,07/06/2015,14
606900,08/06/2015,17.5
606900,09/06/2015,27.5
606900,10/06/2015,27.2
606900,11/06/2015,26
606900,12/06/2015,29.9
606900,13/06/2015,10
606900,14/06/2015,22
606900,15/06/2015,17.2
606900,16/06/2015,26.1
606900,17/06/2015,4.9
606900,18/06/2015,12.7
606900,19/06/2015,19.3
606900,20/06/2015,23.2
606900,21/06/2015,17.8
606900,22/06/2015,9.4
606900,23/06/2015,26.8
606900,24/06/2015,10.8
606900,25/06/2015,16.8
606900,26/06/2015,14.5
606900,27/06/2015,12
606900,28/06/2015,15.3
606900,29/06/2015,19.3
606900,30/06/2015,28.5
606900,01/07/2015,28.9
606900,02/07/2015,29.3
606900,03/07/2015,22.1
606900,04/07/2015,23.4
606900,05/07/2015,15.8
606900,06/07/2015,19.7
606900,07/07/2015,16.5
606900,08/07/2015,12.4
606900,09/07/2015,11.8
606900,10/07/2015,21.5
606900,11/07/2015,17.6
606900,12/07/2015,12.4
606900,13/07/2015,13.3
606900,14/07/2015,25.4
606900,15/07/2015,27.2
606900,16/07/2015,28.6
606900,17/07/2015,15.7
606900,18/07/2015,20.1
606900,19/07/2015,12.2
606900,20/07/2015,16.8
606900,21/07/2015,16.5
606900,22/07/2015,14.5
606900,23/07/2015,18.1
606900,24/07/2015,18.6
606900,25/07/2015,2.5
606900,26/07/2015,18.1
606900,27/07/2015,6.9
606900,28/07/2015,12.1
606900,29/07/2015,22.2
606900,30/07/2015,15.3
606900,31/07/2015,14.3
606900,01/08/2015,17.4
606900,02/08/2015,13.1
606900,03/08/2015,23.5
606900,04/08/2015,11.7
606900,05/08/2015,18.3
606900,06/08/2015,23.1
606900,07/08/2015,20.1
606900,08/08/2015,20.2
606900,09/08/2015,23.7
606900,10/08/2015,13
606900,11/08/2015,16
606900,12/08/2015,23
606900,13/08/2015,23.8
606900,14/08/2015,18.8
606900,15/08/2015,7.6
606900,16/08/2015,11.2
606900,17/08/2015,14.8
606900,18/08/2015,20.6
606900,19/08/2015,22.6
606900,20/08/2015,21.2
606900,21/08/2015,21.3
606900,22/08/2015,21.3
606900,23/08/2015,21.2
606900,24/08/2015,11.5
606900,25/08/2015,9.8
606900,26/08/2015,8.8
606900,27/08/2015,10.2
606900,28/08/2015,17.9
606900,29/08/2015,15.4
606900,30/08/2015,12.5
606900,31/08/2015,5.2
606900,01/09/2015,3
606900,02/09/2015,14.6
606900,03/09/2015,12.8
606900,04/09/2015,9.4
606900,05/09/2015,11.6
606900,06/09/2015,14.2
606900,07/09/2015,18
606900,08/09/2015,17
606900,09/09/2015,15.2
606900,10/09/2015,12
606900,11/09/2015,11.2
606900,12/09/2015,6.9
606900,13/09/2015,1.9
606900,14/09/2015,5.1
606900,15/09/2015,10.7
606900,16/09/2015,7.8
606900,17/09/2015,5.8
606900,18/09/2015,9.9
606900,19/09/2015,9
606900,20/09/2015,13.7
606900,21/09/2015,4.4
606900,22/09/2015,5.1
606900,23/09/2015,10
606900,24/09/2015,5.9
606900,25/09/2015,10
606900,26/09/2015,13.1
606900,27/09/2015,12.6
606900,28/09/2015,12.6
606900,29/09/2015,11.8
606900,30/09/2015,12.1
606900,01/10/2015,6.4
606900,02/10/2015,11.2
606900,03/10/2015,10.8
606900,04/10/2015,6.4
606900,05/10/2015,4.6
606900,06/10/2015,1.4
606900,07/10/2015,0.9
606900,08/10/2015,2
606900,09/10/2015,2.6
606900,10/10/2015,5
606900,11/10/2015,7.7
606900,12/10/2015,4.4
606900,13/10/2015,2.7
606900,14/10/2015,6.8
606900,15/10/2015,6.4
606900,16/10/2015,2.5
606900,17/10/2015,0.7
606900,18/10/2015,6
606900,19/10/2015,6.2
606900,20/10/2015,3.5
606900,21/10/2015,2.5
606900,22/10/2015,3.2
606900,23/10/2015,6.5
606900,24/10/2015,1
606900,25/10/2015,5.8
606900,26/10/2015,6
606900,27/10/2015,5.9
606900,28/10/2015,4.5
606900,29/10/2015,2.8
606900,30/10/2015,1.7
606900,31/10/2015,4.6
606900,01/11/2015,2.6
606900,02/11/2015,1
606900,03/11/2015,1.1
606900,04/11/2015,2
606900,05/11/2015,1.6
606900,06/11/2015,1.3
606900,07/11/2015,1.9
606900,08/11/2015,4.2
606900,09/11/2015,1.8
606900,10/11/2015,1
606900,11/11/2015,1.4
606900,12/11/2015,3.5
606900,13/11/2015,2.3
606900,14/11/2015,2.4
606900,15/11/2015,2.2
606900,16/11/2015,1.7
606900,17/11/2015,2.1
606900,18/11/2015,2.7
606900,19/11/2015,1.6
606900,20/11/2015,1.9
606900,21/11/2015,3.5
606900,22/11/2015,2
606900,23/11/2015,2.1
606900,24/11/2015,0.5
606900,25/11/2015,2.7
606900,26/11/2015,3.1
606900,27/11/2015,0.9
606900,28/11/2015,2.3
606900,29/11/2015,1.4
606900,30/11/2015,2.4
606900,01/12/2015,2.2
606900,02/12/2015,0.8
606900,03/12/2015,0.7
606900,04/12/2015,1.5
606900,05/12/2015,0.3
606900,06/12/2015,0.3
606900,07/12/2015,1.4
606900,08/12/2015,1.7
606900,09/12/2015,2.1
606900,10/12/2015,0.4
606900,11/12/2015,1.2
606900,12/12/2015,1.7
606900,13/12/2015,2.2
606900,14/12/2015,0.6
606900,15/12/2015,0.5
606900,16/12/2015,0.3
606900,17/12/2015,0.5
606900,18/12/2015,0.8
606900,19/12/2015,0.4
606900,20/12/2015,1
606900,21/12/2015,0.9
606900,22/12/2015,0.4
606900,23/12/2015,1.2
606900,24/12/2015,0.8
606900,25/12/2015,1
606900,26/12/2015,0.4
606900,27/12/2015,1.2
606900,28/12/2015,1.6
606900,29/12/2015,0.5
606900,30/12/2015,0.7
606900,31/12/2015,0.3
606900,01/01/2016,1.8
606900,02/01/2016,0.4
606900,03/01/2016,2.2
606900,04/01/2016,2.5
606900,05/01/2016,2
606900,06/01/2016,1.8
606900,07/01/2016,0.7
606900,08/01/2016,0.7
606900,09/01/2016,0.6
606900,10/01/2016,0.4
606900,11/01/2016,0.7
606900,12/01/2016,0.5
606900,13/01/2016,1.3
606900,14/01/2016,1.1
606900,15/01/2016,2.9
606900,16/01/2016,2.4
606900,17/01/2016,4.1
606900,18/01/2016,2.3
606900,19/01/2016,3.3
606900,20/01/2016,4
606900,21/01/2016,4.6
606900,22/01/2016,3.5
606900,23/01/2016,1.6
606900,24/01/2016,1.1
606900,25/01/2016,1.4
606900,26/01/2016,1.9
606900,27/01/2016,0.8
606900,28/01/2016,3.8
606900,29/01/2016,0.6
606900,30/01/2016,2.5
606900,31/01/2016,2.4
606900,01/02/2016,0.8
606900,02/02/2016,1.1
606900,03/02/2016,4.6
606900,04/02/2016,5
606900,05/02/2016,1.3
606900,06/02/2016,0.9
606900,07/02/2016,1.6
606900,08/02/2016,1.8
606900,09/02/2016,2.6
606900,10/02/2016,3.8
606900,11/02/2016,3.9
606900,12/02/2016,6.3
606900,13/02/2016,7.5
606900,14/02/2016,5.4
606900,15/02/2016,7.4
606900,16/02/2016,8
606900,17/02/2016,8.1
606900,18/02/2016,1.9
606900,19/02/2016,2.8
606900,20/02/2016,3.2
606900,21/02/2016,2.6
606900,22/02/2016,5.8
606900,23/02/2016,4.5
606900,24/02/2016,6.1
606900,25/02/2016,6.1
606900,26/02/2016,9.3
606900,27/02/2016,7.6
606900,28/02/2016,10.3
606900,29/02/2016,8.5
606900,01/03/2016,3.4
606900,02/03/2016,2.4
606900,03/03/2016,5.8
606900,04/03/2016,5.2
606900,05/03/2016,1.1
606900,06/03/2016,2
606900,07/03/2016,4.8
606900,08/03/2016,3.9
606900,09/03/2016,5.8
606900,10/03/2016,4.3
606900,11/03/2016,4.1
606900,12/03/2016,5.1
606900,13/03/2016,7.1
606900,14/03/2016,7.6
606900,15/03/2016,11.5
606900,16/03/2016,13.5
606900,17/03/2016,3.3
606900,18/03/2016,12.5
606900,19/03/2016,11.4
606900,20/03/2016,15.5
606900,21/03/2016,9.5
606900,22/03/2016,12.8
606900,23/03/2016,15.3
606900,24/03/2016,9.4
606900,25/03/2016,5.4
606900,26/03/2016,14.9
606900,27/03/2016,4.2
606900,28/03/2016,8.6
606900,29/03/2016,9.1
606900,30/03/2016,6.4
606900,31/03/2016,15.9
606900,01/04/2016,17.8
606900,02/04/2016,12.7
606900,03/04/2016,4.3
606900,04/04/2016,7.1
606900,05/04/2016,5.9
606900,06/04/2016,6.1
606900,07/04/2016,6
606900,08/04/2016,13.2
606900,09/04/2016,11
606900,10/04/2016,15.3
606900,11/04/2016,20.9
606900,12/04/2016,10.1
606900,13/04/2016,10.3
606900,14/04/2016,15.6
606900,15/04/2016,6.6
606900,16/04/2016,3.7
606900,17/04/2016,7.3
606900,18/04/2016,7.7
606900,19/04/2016,18.2
606900,20/04/2016,22.8
606900,21/04/2016,9.2
606900,22/04/2016,23.6
606900,23/04/2016,13
606900,24/04/2016,14
606900,25/04/2016,10.9
606900,26/04/2016,4.6
606900,27/04/2016,9.6
606900,28/04/2016,13.3
606900,29/04/2016,11.6
606900,30/04/2016,15.4
606900,01/05/2016,23
606900,02/05/2016,19.5
606900,03/05/2016,13.2
606900,04/05/2016,24
606900,05/05/2016,25.6
606900,06/05/2016,24.6
606900,07/05/2016,25.2
606900,08/05/2016,25.4
606900,09/05/2016,26.1
606900,10/05/2016,25
606900,11/05/2016,25.6
606900,12/05/2016,26.1
606900,13/05/2016,24.1
606900,14/05/2016,22.4
606900,15/05/2016,23
606900,16/05/2016,26.6
606900,17/05/2016,9.9
606900,18/05/2016,16.7
606900,19/05/2016,16.2
606900,20/05/2016,8.7
606900,21/05/2016,9.2
606900,22/05/2016,14.8
606900,23/05/2016,10.9
606900,24/05/2016,6.4
606900,25/05/2016,10.2
606900,26/05/2016,25.1
606900,27/05/2016,15.8
606900,28/05/2016,12.9
606900,29/05/2016,19.3
606900,30/05/2016,17.7
606900,31/05/2016,23.5
606900,01/06/2016,27
606900,02/06/2016,24.9
606900,03/06/2016,27.6
606900,04/06/2016,28.3
606900,05/06/2016,28.4
606900,06/06/2016,27.6
606900,07/06/2016,25.1
606900,08/06/2016,21.8
606900,09/06/2016,28.6
606900,10/06/2016,24.5
606900,11/06/2016,30
606900,12/06/2016,23.8
606900,13/06/2016,19.6
606900,14/06/2016,8.2
606900,15/06/2016,13.3
606900,16/06/2016,13.9
606900,17/06/2016,23.4
606900,18/06/2016,11.1
606900,19/06/2016,23.9
606900,20/06/2016,9.5
606900,21/06/2016,22.3
606900,22/06/2016,12.8
606900,23/06/2016,7
606900,24/06/2016,16.4
606900,25/06/2016,7.9
606900,26/06/2016,19.3
606900,27/06/2016,10.5
606900,28/06/2016,17
606900,29/06/2016,12.6
606900,30/06/2016,20.4
606900,01/07/2016,13.1
606900,02/07/2016,22.3
606900,03/07/2016,18.2
606900,04/07/2016,20
606900,05/07/2016,7.2
606900,06/07/2016,22.6
606900,07/07/2016,15.9
606900,08/07/2016,11.2
606900,09/07/2016,19.8
606900,10/07/2016,7.8
606900,11/07/2016,14.6
606900,12/07/2016,13
606900,13/07/2016,17.7
606900,14/07/2016,11
606900,15/07/2016,12.5
606900,16/07/2016,12.4
606900,17/07/2016,12.1
606900,18/07/2016,10.2
606900,19/07/2016,19.4
606900,20/07/2016,25.5
606900,21/07/2016,15.9
606900,22/07/2016,17.8
606900,23/07/2016,13.8
606900,24/07/2016,24.3
606900,25/07/2016,14.1
606900,26/07/2016,19.2
606900,27/07/2016,10.5
606900,28/07/2016,18.1
606900,29/07/2016,12.1
606900,30/07/2016,18
606900,31/07/2016,17.5
606900,01/08/2016,18.2
606900,02/08/2016,18.9
606900,03/08/2016,7.2
606900,04/08/2016,14.8
606900,05/08/2016,15
606900,06/08/2016,15.8
606900,07/08/2016,10.1
606900,08/08/2016,15
606900,09/08/2016,18.6
606900,10/08/2016,16.8
606900,11/08/2016,20.2
606900,12/08/2016,7.8
606900,13/08/2016,9.8
606900,14/08/2016,19.2
606900,15/08/2016,14.5
606900,16/08/2016,16.4
606900,17/08/2016,22.1
606900,18/08/2016,14.1
606900,19/08/2016,14.1
606900,20/08/2016,5.4
606900,21/08/2016,14.6
606900,22/08/2016,12.4
606900,23/08/2016,13.1
606900,24/08/2016,16.6
606900,25/08/2016,17.8
606900,26/08/2016,17.2
606900,27/08/2016,16.9
606900,28/08/2016,6.8
606900,29/08/2016,14.7
606900,30/08/2016,14.4
606900,31/08/2016,13.8
606900,01/09/2016,12.8
606900,02/09/2016,6.7
606900,03/09/2016,11
606900,04/09/2016,5.2
606900,05/09/2016,18.4
606900,06/09/2016,15.2
606900,07/09/2016,7
606900,08/09/2016,16.5
606900,09/09/2016,16.6
606900,10/09/2016,15.4
606900,11/09/2016,14
606900,12/09/2016,13.2
606900,13/09/2016,14.2
606900,14/09/2016,15.8
606900,15/09/2016,14.6
606900,16/09/2016,13.9
606900,17/09/2016,9.7
606900,18/09/2016,10.3
606900,19/09/2016,6.1
606900,20/09/2016,9.6
606900,21/09/2016,5.7
606900,22/09/2016,12.1
606900,23/09/2016,12.1
606900,24/09/2016,11.5
606900,25/09/2016,13.1
606900,26/09/2016,10.6
606900,27/09/2016,11.9
606900,28/09/2016,6.9
606900,29/09/2016,5.4
606900,30/09/2016,8.2
606900,01/10/2016,9
606900,02/10/2016,2.6
606900,03/10/2016,9.1
606900,04/10/2016,11.7
606900,05/10/2016,11.6
606900,06/10/2016,10.7
606900,07/10/2016,6.5
606900,08/10/2016,6.7
606900,09/10/2016,4.3
606900,10/10/2016,1.8
606900,11/10/2016,2.1
606900,12/10/2016,2.1
606900,13/10/2016,5.2
606900,14/10/2016,4.4
606900,15/10/2016,1.5
606900,16/10/2016,1
606900,17/10/2016,1.5
606900,18/10/2016,2.7
606900,19/10/2016,1.4
606900,20/10/2016,1.2
606900,21/10/2016,1.4
606900,22/10/2016,1.3
606900,23/10/2016,1.4
606900,24/10/2016,5.1
606900,25/10/2016,3.2
606900,26/10/2016,1.9
606900,27/10/2016,5.3
606900,28/10/2016,5.5
606900,29/10/2016,6.2
606900,30/10/2016,3.6
606900,31/10/2016,1.7
606900,01/11/2016,4.9
606900,02/11/2016,4.8
606900,03/11/2016,2.5
606900,04/11/2016,1.5
606900,05/11/2016,0.9
606900,06/11/2016,1.1
606900,07/11/2016,2.7
606900,08/11/2016,3.7
606900,09/11/2016,1
606900,10/11/2016,4.2
606900,11/11/2016,4.8
606900,12/11/2016,2.6
606900,13/11/2016,3.4
606900,14/11/2016,1
606900,15/11/2016,1
606900,16/11/2016,1.1
606900,17/11/2016,1.6
606900,18/11/2016,1.1
606900,19/11/2016,1
606900,20/11/2016,1.1
606900,21/11/2016,0.6
606900,22/11/2016,2.4
606900,23/11/2016,2.5
606900,24/11/2016,2.8
606900,25/11/2016,3
606900,26/11/2016,1.2
606900,27/11/2016,3.2
606900,28/11/2016,2.9
606900,29/11/2016,1.9
606900,30/11/2016,0.5
606900,01/12/2016,1
606900,02/12/2016,2.8
606900,03/12/2016,2.5
606900,04/12/2016,2.4
606900,05/12/2016,1.7
606900,06/12/2016,2.4
606900,07/12/2016,0.4
606900,08/12/2016,1.5
606900,09/12/2016,1.1
606900,10/12/2016,0.4
606900,11/12/2016,1.7
606900,12/12/2016,1.5
606900,13/12/2016,0.5
606900,14/12/2016,2.3
606900,15/12/2016,1.5
606900,16/12/2016,0.2
606900,17/12/2016,0.5
606900,18/12/2016,2.1
606900,19/12/2016,0.5
606900,20/12/2016,0.6
606900,21/12/2016,0.3
606900,22/12/2016,1.8
606900,23/12/2016,1.4
606900,24/12/2016,1.3
606900,25/12/2016,0.5
606900,26/12/2016,1.1
606900,27/12/2016,1.6
606900,28/12/2016,1.6
606900,29/12/2016,1
606900,30/12/2016,0.5
606900,31/12/2016,0.3
606900,01/01/2017,0.9
606900,02/01/2017,2.2
606900,03/01/2017,1
606900,04/01/2017,1.8
606900,05/01/2017,2.2
606900,06/01/2017,2.2
606900,07/01/2017,1.1
606900,08/01/2017,0.9
606900,09/01/2017,0.7
606900,10/01/2017,0.5
606900,11/01/2017,1
606900,12/01/2017,1.8
606900,13/01/2017,2.7
606900,14/01/2017,1.1
606900,15/01/2017,3.4
606900,16/01/2017,3.9
606900,17/01/2017,1.5
606900,18/01/2017,0.7
606900,19/01/2017,3.1
606900,20/01/2017,2.4
606900,21/01/2017,2.5
606900,22/01/2017,0.4
606900,23/01/2017,2.4
606900,24/01/2017,2.6
606900,25/01/2017,0.9
606900,26/01/2017,1.8
606900,27/01/2017,4.1
606900,28/01/2017,4.2
606900,29/01/2017,1.6
606900,30/01/2017,1.6
606900,31/01/2017,0.9
606900,01/02/2017,0.8
606900,02/02/2017,0.6
606900,03/02/2017,0.9
606900,04/02/2017,1
606900,05/02/2017,0.6
606900,06/02/2017,2.6
606900,07/02/2017,2
606900,08/02/2017,2.2
606900,09/02/2017,2.4
606900,10/02/2017,1.1
606900,11/02/2017,6.2
606900,12/02/2017,2.4
606900,13/02/2017,6
606900,14/02/2017,7.2
606900,15/02/2017,7.1
606900,16/02/2017,1.5
606900,17/02/2017,4.2
606900,18/02/2017,2.1
606900,19/02/2017,2.6
606900,20/02/2017,1.7
606900,21/02/2017,4.2
606900,22/02/2017,4.6
606900,23/02/2017,3.1
606900,24/02/2017,9.6
606900,25/02/2017,2.5
606900,26/02/2017,3.1
606900,27/02/2017,2.1
606900,28/02/2017,4.5
606900,01/03/2017,3.9
606900,02/03/2017,5.8
606900,03/03/2017,2.5
606900,04/03/2017,3.2
606900,05/03/2017,1.3
606900,06/03/2017,2.6
606900,07/03/2017,3.4
606900,08/03/2017,2.8
606900,09/03/2017,7.7
606900,10/03/2017,10.5
606900,11/03/2017,9.3
606900,12/03/2017,8.8
606900,13/03/2017,4
606900,14/03/2017,5.6
606900,15/03/2017,8
606900,16/03/2017,9.4
606900,17/03/2017,11
606900,18/03/2017,12
606900,19/03/2017,3.4
606900,20/03/2017,5.5
606900,21/03/2017,7.6
606900,22/03/2017,12.1
606900,23/03/2017,15.9
606900,24/03/2017,14.3
606900,25/03/2017,13.5
606900,26/03/2017,13.2
606900,27/03/2017,14
606900,28/03/2017,7
606900,29/03/2017,3.7
606900,30/03/2017,2.8
606900,31/03/2017,11.3
606900,01/04/2017,12.2
606900,02/04/2017,11
606900,03/04/2017,15.5
606900,04/04/2017,16.3
606900,05/04/2017,11.1
606900,06/04/2017,8.9
606900,07/04/2017,15.5
606900,08/04/2017,8.6
606900,09/04/2017,17.9
606900,10/04/2017,9.9
606900,11/04/2017,13.1
606900,12/04/2017,10.3
606900,13/04/2017,7.8
606900,14/04/2017,11.6
606900,15/04/2017,4.5
606900,16/04/2017,9.3
606900,17/04/2017,8.1
606900,18/04/2017,15.3
606900,19/04/2017,15.9
606900,20/04/2017,8.2
606900,21/04/2017,6.1
606900,22/04/2017,19.2
606900,23/04/2017,16.6
606900,24/04/2017,14.8
606900,25/04/2017,14
606900,26/04/2017,16.4
606900,27/04/2017,14.2
606900,28/04/2017,12.1
606900,29/04/2017,15.6
606900,30/04/2017,23.6
606900,01/05/2017,24.5
606900,02/05/2017,25.4
606900,03/05/2017,18.8
606900,04/05/2017,23.4
606900,05/05/2017,21.1
606900,06/05/2017,26.1
606900,07/05/2017,21.2
606900,08/05/2017,26.7
606900,09/05/2017,8.4
606900,10/05/2017,10.2
606900,11/05/2017,14.4
606900,12/05/2017,25.1
606900,13/05/2017,19.4
606900,14/05/2017,15.8
606900,15/05/2017,20.2
606900,16/05/2017,4.4
606900,17/05/2017,10.9
606900,18/05/2017,19
606900,19/05/2017,20.3
606900,20/05/2017,13.7
606900,21/05/2017,23.2
606900,22/05/2017,24.2
606900,23/05/2017,19.5
606900,24/05/2017,24.3
606900,25/05/2017,28.2
606900,26/05/2017,28.1
606900,27/05/2017,27.6
606900,28/05/2017,18.5
606900,29/05/2017,5.3
606900,30/05/2017,7.8
606900,31/05/2017,8
606900,01/06/2017,29.4
606900,02/06/2017,19.5
606900,03/06/2017,13.1
606900,04/06/2017,11.2
606900,05/06/2017,17.5
606900,06/06/2017,24
606900,07/06/2017,8.9
606900,08/06/2017,14.4
606900,09/06/2017,9
606900,10/06/2017,21.9
606900,11/06/2017,9.7
606900,12/06/2017,13.3
606900,13/06/2017,17.8
606900,14/06/2017,24
606900,15/06/2017,19.5
606900,16/06/2017,20.2
606900,17/06/2017,29
606900,18/06/2017,26.9
606900,19/06/2017,23.9
606900,20/06/2017,25.2
606900,21/06/2017,23.6
606900,22/06/2017,14.1
606900,23/06/2017,7.6
606900,24/06/2017,16
606900,25/06/2017,22.5
606900,26/06/2017,22.5
606900,27/06/2017,25.2
606900,28/06/2017,18.6
606900,29/06/2017,4.4
606900,30/06/2017,6.5
606900,01/07/2017,29.8
606900,02/07/2017,14
606900,03/07/2017,19.3
606900,04/07/2017,22.7
606900,05/07/2017,28.8
606900,06/07/2017,26.4
606900,07/07/2017,11.2
606900,08/07/2017,16.8
606900,09/07/2017,24.4
606900,10/07/2017,17.4
606900,11/07/2017,13.4
606900,12/07/2017,24.5
606900,13/07/2017,23.4
606900,14/07/2017,11.8
606900,15/07/2017,19
606900,16/07/2017,14.2
606900,17/07/2017,18.3
606900,18/07/2017,16.6
606900,19/07/2017,23.2
606900,20/07/2017,15.4
606900,21/07/2017,11.6
606900,22/07/2017,11
606900,23/07/2017,3.9
606900,24/07/2017,8.2
606900,25/07/2017,16.9
606900,26/07/2017,18.5
606900,27/07/2017,11.3
606900,28/07/2017,19.8
606900,29/07/2017,11
606900,30/07/2017,12
606900,31/07/2017,18.9
606900,01/08/2017,19.5
606900,02/08/2017,16.3
606900,03/08/2017,8.5
606900,04/08/2017,12.5
606900,05/08/2017,14
606900,06/08/2017,19.7
606900,07/08/2017,14
606900,08/08/2017,16.9
606900,09/08/2017,11.5
606900,10/08/2017,19.2
606900,11/08/2017,10.6
606900,12/08/2017,6
606900,13/08/2017,20.7
606900,14/08/2017,14
606900,15/08/2017,9.5
606900,16/08/2017,18.1
606900,17/08/2017,11.1
606900,18/08/2017,12.7
606900,19/08/2017,14.6
606900,20/08/2017,13.8
606900,21/08/2017,16.7
606900,22/08/2017,16
606900,23/08/2017,19.7
606900,24/08/2017,9
606900,25/08/2017,16.7
606900,26/08/2017,7
606900,27/08/2017,12.2
606900,28/08/2017,14.2
606900,29/08/2017,16.8
606900,30/08/2017,5
606900,31/08/2017,8.7
606900,01/09/2017,14.2
606900,02/09/2017,16.7
606900,03/09/2017,13.3
606900,04/09/2017,9.3
606900,05/09/2017,11.9
606900,06/09/2017,4.8
606900,07/09/2017,3.9
606900,08/09/2017,5.7
606900,09/09/2017,8.6
606900,10/09/2017,12.5
606900,11/09/2017,8.3
606900,12/09/2017,13.5
606900,13/09/2017,5
606900,14/09/2017,7.5
606900,15/09/2017,13.4
606900,16/09/2017,9.4
606900,17/09/2017,11.5
606900,18/09/2017,11.6
606900,19/09/2017,5.2
606900,20/09/2017,11.4
606900,21/09/2017,9.8
606900,22/09/2017,12.3
606900,23/09/2017,7.1
606900,24/09/2017,3.4
606900,25/09/2017,8.5
606900,26/09/2017,5.6
606900,27/09/2017,7.1
606900,28/09/2017,7
606900,29/09/2017,4.1
606900,30/09/2017,2
606900,01/10/2017,10
606900,02/10/2017,7.2
606900,03/10/2017,6.6
606900,04/10/2017,2.9
606900,05/10/2017,6.8
606900,06/10/2017,11.2
606900,07/10/2017,2.3
606900,08/10/2017,11.1
606900,09/10/2017,10.7
606900,10/10/2017,2.8
606900,11/10/2017,3.6
606900,12/10/2017,5.9
606900,13/10/2017,4.5
606900,14/10/2017,1.9
606900,15/10/2017,3.4
606900,16/10/2017,3.6
606900,17/10/2017,2.3
606900,18/10/2017,3.3
606900,19/10/2017,2.6
606900,20/10/2017,1.3
606900,21/10/2017,4.1
606900,22/10/2017,4.9
606900,23/10/2017,4.3
606900,24/10/2017,1.1
606900,25/10/2017,3.3
606900,26/10/2017,3.7
606900,27/10/2017,5.2
606900,28/10/2017,3.2
606900,29/10/2017,6.4
606900,30/10/2017,6.5
606900,31/10/2017,2.3
606900,01/11/2017,1.1
606900,02/11/2017,2.8
606900,03/11/2017,2.4
606900,04/11/2017,1.5
606900,05/11/2017,2.4
606900,06/11/2017,5
606900,07/11/2017,5.2
606900,08/11/2017,4.2
606900,09/11/2017,1.3
606900,10/11/2017,1.8
606900,11/11/2017,4.4
606900,12/11/2017,2.6
606900,13/11/2017,3.8
606900,14/11/2017,1.8
606900,15/11/2017,3.4
606900,16/11/2017,0.9
606900,17/11/2017,3.8
606900,18/11/2017,2.7
606900,19/11/2017,3.2
606900,20/11/2017,2.5
606900,21/11/2017,1.6
606900,22/11/2017,1
606900,23/11/2017,0.7
606900,24/11/2017,2.1
606900,25/11/2017,2.2
606900,26/11/2017,2
606900,27/11/2017,0.6
606900,28/11/2017,1.2
606900,29/11/2017,2
606900,30/11/2017,3
606900,01/12/2017,1.1
606900,02/12/2017,1.8
606900,03/12/2017,1.9
606900,04/12/2017,2.7
606900,05/12/2017,0.9
606900,06/12/2017,0.4
606900,07/12/2017,0.2
606900,08/12/2017,1.9
606900,09/12/2017,1.6
606900,10/12/2017,0.7
606900,11/12/2017,1.3
606900,12/12/2017,1.7
606900,13/12/2017,0.4
606900,14/12/2017,0.6
606900,15/12/2017,1
606900,16/12/2017,2.2
606900,17/12/2017,2.2
606900,18/12/2017,0.5
606900,19/12/2017,0.9
606900,20/12/2017,0.7
606900,21/12/2017,1.1
606900,22/12/2017,1.1
606900,23/12/2017,0.8
606900,24/12/2017,0.4
606900,25/12/2017,0.5
606900,26/12/2017,0.6
606900,27/12/2017,0.5
606900,28/12/2017,2.1
606900,29/12/2017,2
606900,30/12/2017,0.5
606900,31/12/2017,0.2
606900,01/01/2018,0.8
606900,02/01/2018,2.2
606900,03/01/2018,0.5
606900,04/01/2018,0.6
606900,05/01/2018,1.3
606900,06/01/2018,2.6
606900,07/01/2018,2.9
606900,08/01/2018,2.6
606900,09/01/2018,2.6
606900,10/01/2018,0.3
606900,11/01/2018,0.4
606900,12/01/2018,0.4
606900,13/01/2018,0.4
606900,14/01/2018,0.5
606900,15/01/2018,0.4
606900,16/01/2018,1.6
606900,17/01/2018,2
606900,18/01/2018,0.9
606900,19/01/2018,1.7
606900,20/01/2018,1.2
606900,21/01/2018,2
606900,22/01/2018,1.2
606900,23/01/2018,1.1
606900,24/01/2018,0.5
606900,25/01/2018,2.2
606900,26/01/2018,1.2
606900,27/01/2018,1.8
606900,28/01/2018,1.4
606900,29/01/2018,2
606900,30/01/2018,2.6
606900,31/01/2018,0.8
606900,01/02/2018,2.7
606900,02/02/2018,0.9
606900,03/02/2018,1.1
606900,04/02/2018,1.6
606900,05/02/2018,3
606900,06/02/2018,4.5
606900,07/02/2018,3.7
606900,08/02/2018,5.5
606900,09/02/2018,5.2
606900,10/02/2018,1.3
606900,11/02/2018,1.2
606900,12/02/2018,4.4
606900,13/02/2018,4.1
606900,14/02/2018,7.2
606900,15/02/2018,1.9
606900,16/02/2018,3.1
606900,17/02/2018,3.7
606900,18/02/2018,2.9
606900,19/02/2018,1
606900,20/02/2018,4.6
606900,21/02/2018,3.2
606900,22/02/2018,5
606900,23/02/2018,7.4
606900,24/02/2018,9
606900,25/02/2018,6.7
606900,26/02/2018,8.1
606900,27/02/2018,6.2
606900,28/02/2018,7.8
606900,01/03/2018,6.4
606900,02/03/2018,4.4
606900,03/03/2018,5.5
606900,04/03/2018,7.9
606900,05/03/2018,2.8
606900,06/03/2018,4.4
606900,07/03/2018,5.6
606900,08/03/2018,5.1
606900,09/03/2018,5.6
606900,10/03/2018,6.9
606900,11/03/2018,2.5
606900,12/03/2018,4
606900,13/03/2018,2.1
606900,14/03/2018,6.5
606900,15/03/2018,4.6
606900,16/03/2018,7.6
606900,17/03/2018,9.8
606900,18/03/2018,15.6
606900,19/03/2018,14.3
606900,20/03/2018,15.8
606900,21/03/2018,7.2
606900,22/03/2018,4.6
606900,23/03/2018,5.3
606900,24/03/2018,4.9
606900,25/03/2018,3.7
606900,26/03/2018,13.9
606900,27/03/2018,2.2
606900,28/03/2018,4.8
606900,29/03/2018,10.7
606900,30/03/2018,16.8
606900,31/03/2018,11.8
606900,01/04/2018,15.5
606900,02/04/2018,17.4
606900,03/04/2018,3.3
606900,04/04/2018,13.3
606900,05/04/2018,4.9
606900,06/04/2018,18.5
606900,07/04/2018,13.3
606900,08/04/2018,16.7
606900,09/04/2018,12.7
606900,10/04/2018,7.4
606900,11/04/2018,19.6
606900,12/04/2018,15.1
606900,13/04/2018,12.8
606900,14/04/2018,11.1
606900,15/04/2018,6.9
606900,16/04/2018,7.9
606900,17/04/2018,13.1
606900,18/04/2018,15.2
606900,19/04/2018,21
606900,20/04/2018,20.8
606900,21/04/2018,22.4
606900,22/04/2018,15.4
606900,23/04/2018,14.4
606900,24/04/2018,7.7
606900,25/04/2018,14.5
606900,26/04/2018,13.3
606900,27/04/2018,17.5
606900,28/04/2018,7.8
606900,29/04/2018,19.9
606900,30/04/2018,2.4
606900,01/05/2018,7.7
606900,02/05/2018,16.6
606900,03/05/2018,18.5
606900,04/05/2018,22.2
606900,05/05/2018,24.3
606900,06/05/2018,24.7
606900,07/05/2018,25
606900,08/05/2018,25.2
606900,09/05/2018,25.1
606900,10/05/2018,17.3
606900,11/05/2018,23.8
606900,12/05/2018,20.8
606900,13/05/2018,23.5
606900,14/05/2018,24.5
606900,15/05/2018,24.3
606900,16/05/2018,24.9
606900,17/05/2018,24.6
606900,18/05/2018,20.4
606900,19/05/2018,19.8
606900,20/05/2018,25.3
606900,21/05/2018,21.8
606900,22/05/2018,25.2
606900,23/05/2018,24.7
606900,24/05/2018,26.9
606900,25/05/2018,25.8
606900,26/05/2018,26.1
606900,27/05/2018,17.2
606900,28/05/2018,21.9
606900,29/05/2018,18.5
606900,30/05/2018,27.9
606900,31/05/2018,26.8
606900,01/06/2018,27.4
606900,02/06/2018,24.7
606900,03/06/2018,27.4
606900,04/06/2018,25.4
606900,05/06/2018,28.8
606900,06/06/2018,24.5
606900,07/06/2018,28.1
606900,08/06/2018,26.8
606900,09/06/2018,15.8
606900,10/06/2018,6.4
606900,11/06/2018,9.7
606900,12/06/2018,23.6
606900,13/06/2018,28.2
606900,14/06/2018,14.1
606900,15/06/2018,21.4
606900,16/06/2018,10.9
606900,17/06/2018,22
606900,18/06/2018,11.3
606900,19/06/2018,24
606900,20/06/2018,6.6
606900,21/06/2018,26.6
606900,22/06/2018,24.6
606900,23/06/2018,16
606900,24/06/2018,25.1
606900,25/06/2018,28.6
606900,26/06/2018,27.9
606900,27/06/2018,27.2
606900,28/06/2018,28.3
606900,29/06/2018,28.1
606900,30/06/2018,27.4
606900,01/07/2018,27.8
606900,02/07/2018,29.7
606900,03/07/2018,28.1
606900,04/07/2018,29.4
606900,05/07/2018,9.3
606900,06/07/2018,27.7
606900,07/07/2018,28.7
606900,08/07/2018,28.8
606900,09/07/2018,28.2
606900,10/07/2018,21.1
606900,11/07/2018,23.9
606900,12/07/2018,21.9
606900,13/07/2018,27.5
606900,14/07/2018,18.4
606900,15/07/2018,23
606900,16/07/2018,26
606900,17/07/2018,17.3
606900,18/07/2018,21.3
606900,19/07/2018,26.7
606900,20/07/2018,26.8
606900,21/07/2018,24
606900,22/07/2018,18.6
606900,23/07/2018,21.2
606900,24/07/2018,23.3
606900,25/07/2018,23.7
606900,26/07/2018,25.7
606900,27/07/2018,25.7
606900,28/07/2018,22.6
606900,29/07/2018,22.7
606900,30/07/2018,15.3
606900,31/07/2018,13
606900,01/08/2018,22.1
606900,02/08/2018,21.3
606900,03/08/2018,20.9
606900,04/08/2018,17.7
606900,05/08/2018,18.4
606900,06/08/2018,8.9
606900,07/08/2018,20.2
606900,08/08/2018,12.3
606900,09/08/2018,22.4
606900,10/08/2018,16.7
606900,11/08/2018,11.6
606900,12/08/2018,5.5
606900,13/08/2018,4
606900,14/08/2018,9.9
606900,15/08/2018,14.6
606900,16/08/2018,10.1
606900,17/08/2018,15.4
606900,18/08/2018,6
606900,19/08/2018,4.6
606900,20/08/2018,20.5
606900,21/08/2018,19.4
606900,22/08/2018,14
606900,23/08/2018,8.1
606900,24/08/2018,12.2
606900,25/08/2018,17.4
606900,26/08/2018,17.6
606900,27/08/2018,6.6
606900,28/08/2018,7.1
606900,29/08/2018,10.1
606900,30/08/2018,10.3
606900,31/08/2018,8.8
606900,01/09/2018,14.1
606900,02/09/2018,16
606900,03/09/2018,10.6
606900,04/09/2018,15.5
606900,05/09/2018,13.6
606900,06/09/2018,15.5
606900,07/09/2018,3.3
606900,08/09/2018,9.5
606900,09/09/2018,9.6
606900,10/09/2018,11.9
606900,11/09/2018,4.3
606900,12/09/2018,11.2
606900,13/09/2018,10.9
606900,14/09/2018,6.2
606900,15/09/2018,12.7
606900,16/09/2018,6.3
606900,17/09/2018,11
606900,18/09/2018,15.1
606900,19/09/2018,7.9
606900,20/09/2018,4.4
606900,21/09/2018,7.6
606900,22/09/2018,12.4
606900,23/09/2018,12.7
606900,24/09/2018,11.1
606900,25/09/2018,11
606900,26/09/2018,1.5
606900,27/09/2018,4
606900,28/09/2018,12.7
606900,29/09/2018,4.6
606900,30/09/2018,6.7
606900,01/10/2018,8.9
606900,02/10/2018,6.4
606900,03/10/2018,9.9
606900,04/10/2018,5.2
606900,05/10/2018,2.4
606900,06/10/2018,2.5
606900,07/10/2018,9
606900,08/10/2018,2.9
606900,09/10/2018,3.8
606900,10/10/2018,8.4
606900,11/10/2018,9.7
606900,12/10/2018,8.1
606900,13/10/2018,7.8
606900,14/10/2018,9.2
606900,15/10/2018,3.8
606900,16/10/2018,3.7
606900,17/10/2018,5.9
606900,18/10/2018,8.1
606900,19/10/2018,3.3
606900,20/10/2018,6.9
606900,21/10/2018,3
606900,22/10/2018,6.9
606900,23/10/2018,2.3
606900,24/10/2018,6.2
606900,25/10/2018,5.4
606900,26/10/2018,3.7
606900,27/10/2018,6.1
606900,28/10/2018,4
606900,29/10/2018,2.2
606900,30/10/2018,0.6
606900,31/10/2018,4.3
606900,01/11/2018,4.5
606900,02/11/2018,1.7
606900,03/11/2018,5.6
606900,04/11/2018,3.7
606900,05/11/2018,0.6
606900,06/11/2018,0.8
606900,07/11/2018,1.2
606900,08/11/2018,2.5
606900,09/11/2018,1.4
606900,10/11/2018,0.7
606900,11/11/2018,1.4
606900,12/11/2018,1.6
606900,13/11/2018,1.4
606900,14/11/2018,1.8
606900,15/11/2018,1.9
606900,16/11/2018,3.7
606900,17/11/2018,1.7
606900,18/11/2018,1.7
606900,19/11/2018,1.3
606900,20/11/2018,1.8
606900,21/11/2018,1
606900,22/11/2018,0.9
606900,23/11/2018,0.4
606900,24/11/2018,0.7
606900,25/11/2018,1
606900,26/11/2018,2.7
606900,27/11/2018,2.8
606900,28/11/2018,2.2
606900,29/11/2018,0.4
606900,30/11/2018,0.7
606900,01/12/2018,1.6
606900,02/12/2018,0.5
606900,03/12/2018,0.9
606900,04/12/2018,2.5
606900,05/12/2018,2.1
606900,06/12/2018,0.7
606900,07/12/2018,0.5
606900,08/12/2018,0.8
606900,09/12/2018,1.3
606900,10/12/2018,2.1
606900,11/12/2018,1.8
606900,12/12/2018,0.7
606900,13/12/2018,1
606900,14/12/2018,1.1
606900,15/12/2018,0.7
606900,16/12/2018,0.4
606900,17/12/2018,0.7
606900,18/12/2018,0.4
606900,19/12/2018,0.4
606900,20/12/2018,0.6
606900,21/12/2018,0.2
606900,22/12/2018,0.3
606900,23/12/2018,0.5
606900,24/12/2018,2.1
606900,25/12/2018,0.9
606900,26/12/2018,1.3
606900,27/12/2018,0.3
606900,28/12/2018,2
606900,29/12/2018,0.4
606900,30/12/2018,2.2
606900,31/12/2018,0.8
606900,01/01/2019,1.8
606900,02/01/2019,2.4
606900,03/01/2019,1.6
606900,04/01/2019,1.4
606900,05/01/2019,1.5
606900,06/01/2019,0.9
606900,07/01/2019,1.2
606900,08/01/2019,0.8
606900,09/01/2019,2.7
606900,10/01/2019,0.7
606900,11/01/2019,2.4
606900,12/01/2019,0.8
606900,13/01/2019,1
606900,14/01/2019,3.2
606900,15/01/2019,0.8
606900,16/01/2019,0.5
606900,17/01/2019,1.2
606900,18/01/2019,3.3
606900,19/01/2019,2.6
606900,20/01/2019,2.4
606900,21/01/2019,3.2
606900,22/01/2019,1
606900,23/01/2019,1.9
606900,24/01/2019,0.8
606900,25/01/2019,1.4
606900,26/01/2019,1.7
606900,27/01/2019,0.9
606900,28/01/2019,1.1
606900,29/01/2019,3.8
606900,30/01/2019,3.1
606900,31/01/2019,0.8
606900,01/02/2019,2.5
606900,02/02/2019,0.5
606900,03/02/2019,4.3
606900,04/02/2019,1
606900,05/02/2019,2.4
606900,06/02/2019,0.9
606900,07/02/2019,0.9
606900,08/02/2019,1.8
606900,09/02/2019,2.4
606900,10/02/2019,2.4
606900,11/02/2019,6.8
606900,12/02/2019,4.4
606900,13/02/2019,4
606900,14/02/2019,1.3
606900,15/02/2019,6.5
606900,16/02/2019,5.5
606900,17/02/2019,2.3
606900,18/02/2019,3.8
606900,19/02/2019,3.8
606900,20/02/2019,2.9
606900,21/02/2019,1.9
606900,22/02/2019,4.4
606900,23/02/2019,6.3
606900,24/02/2019,4.6
606900,25/02/2019,5.7
606900,26/02/2019,8.3
606900,27/02/2019,9.5
606900,28/02/2019,10.2
606900,01/03/2019,8.6
606900,02/03/2019,4.6
606900,03/03/2019,9.1
606900,04/03/2019,3.3
606900,05/03/2019,3.1
606900,06/03/2019,2.5
606900,07/03/2019,1.9
606900,08/03/2019,10.2
606900,09/03/2019,6.5
606900,10/03/2019,10.7
606900,11/03/2019,12.4
606900,12/03/2019,2.9
606900,13/03/2019,4.2
606900,14/03/2019,3.5
606900,15/03/2019,2.9
606900,16/03/2019,5.9
606900,17/03/2019,7.3
606900,18/03/2019,13.2
606900,19/03/2019,15
606900,20/03/2019,7.4
606900,21/03/2019,7
606900,22/03/2019,6.5
606900,23/03/2019,11.5
606900,24/03/2019,10.5
606900,25/03/2019,11.3
606900,26/03/2019,14.4
606900,27/03/2019,6.3
606900,28/03/2019,11.7
606900,29/03/2019,16.9
606900,30/03/2019,12.9
606900,31/03/2019,16.5
606900,01/04/2019,18.2
606900,02/04/2019,17.3
606900,03/04/2019,9.2
606900,04/04/2019,14.1
606900,05/04/2019,15.2
606900,06/04/2019,15.9
606900,07/04/2019,13.1
606900,08/04/2019,17.9
606900,09/04/2019,20.9
606900,10/04/2019,6.2
606900,11/04/2019,14.5
606900,12/04/2019,18.6
606900,13/04/2019,21
606900,14/04/2019,20.1
606900,15/04/2019,21.8
606900,16/04/2019,17.6
606900,17/04/2019,21.9
606900,18/04/2019,22.1
606900,19/04/2019,21.9
606900,20/04/2019,22.5
606900,21/04/2019,22.5
606900,22/04/2019,22.9
606900,23/04/2019,23.1
606900,24/04/2019,12.6
606900,25/04/2019,14.2
606900,26/04/2019,10.4
606900,27/04/2019,10.1
606900,28/04/2019,15.1
606900,29/04/2019,22.8
606900,30/04/2019,22.2
606900,01/05/2019,7.9
606900,02/05/2019,21.2
606900,03/05/2019,18.3
606900,04/05/2019,20
606900,05/05/2019,19.7
606900,06/05/2019,20.6
606900,07/05/2019,17.6
606900,08/05/2019,14.1
606900,09/05/2019,14.6
606900,10/05/2019,7.5
606900,11/05/2019,27.5
606900,12/05/2019,25.3
606900,13/05/2019,23.9
606900,14/05/2019,21.5
606900,15/05/2019,20.5
606900,16/05/2019,26.9
606900,17/05/2019,5
606900,18/05/2019,13.7
606900,19/05/2019,22
606900,20/05/2019,20.2
606900,21/05/2019,5.4
606900,22/05/2019,6.5
606900,23/05/2019,25.5
606900,24/05/2019,9.7
606900,25/05/2019,17.3
606900,26/05/2019,15.6
606900,27/05/2019,9.5
606900,28/05/2019,21.4
606900,29/05/2019,22.6
606900,30/05/2019,6
606900,31/05/2019,26.8
606900,01/06/2019,11.5
606900,02/06/2019,24.5
606900,03/06/2019,13.4
606900,04/06/2019,26.6
606900,05/06/2019,20.3
606900,06/06/2019,18.8
606900,07/06/2019,26.3
606900,08/06/2019,10.8
606900,09/06/2019,18.8
606900,10/06/2019,20.4
606900,11/06/2019,6.8
606900,12/06/2019,4.6
606900,13/06/2019,22.1
606900,14/06/2019,21.4
606900,15/06/2019,11.6
606900,16/06/2019,24.8
606900,17/06/2019,20.5
606900,18/06/2019,20.8
606900,19/06/2019,25.4
606900,20/06/2019,11.1
606900,21/06/2019,13.7
606900,22/06/2019,29
606900,23/06/2019,21.2
606900,24/06/2019,28.1
606900,25/06/2019,22.7
606900,26/06/2019,17.8
606900,27/06/2019,29
606900,28/06/2019,27
606900,29/06/2019,27.5
606900,30/06/2019,27.3
606900,01/07/2019,16.7
606900,02/07/2019,22.5
606900,03/07/2019,23.2
606900,04/07/2019,8.6
606900,05/07/2019,30.9
606900,06/07/2019,15.1
606900,07/07/2019,12.5
606900,08/07/2019,23.1
606900,09/07/2019,27.1
606900,10/07/2019,30.2
606900,11/07/2019,11.8
606900,12/07/2019,14.1
606900,13/07/2019,24
606900,14/07/2019,16
606900,15/07/2019,12.9
606900,16/07/2019,20.7
606900,17/07/2019,26.4
606900,18/07/2019,21.6
606900,19/07/2019,16.2
606900,20/07/2019,10.5
606900,21/07/2019,11.7
606900,22/07/2019,6.8
606900,23/07/2019,26.2
606900,24/07/2019,25.7
606900,25/07/2019,24.3
606900,26/07/2019,26.5
606900,27/07/2019,23.1
606900,28/07/2019,17.7
606900,29/07/2019,16.3
606900,30/07/2019,14.3
606900,31/07/2019,12.1
606900,01/08/2019,11.6
606900,02/08/2019,23
606900,03/08/2019,23.9
606900,04/08/2019,10.7
606900,05/08/2019,9.4
606900,06/08/2019,17.7
606900,07/08/2019,13.9
606900,08/08/2019,13.2
606900,09/08/2019,15.1
606900,10/08/2019,13.5
606900,11/08/2019,14.7
606900,12/08/2019,20.2
606900,13/08/2019,16.9
606900,14/08/2019,16.7
606900,15/08/2019,8.6
606900,16/08/2019,12.6
606900,17/08/2019,10.8
606900,18/08/2019,6.8
606900,19/08/2019,17.4
606900,20/08/2019,18.4
606900,21/08/2019,18.6
606900,22/08/2019,10.4
606900,23/08/2019,13.5
606900,24/08/2019,19.2
606900,25/08/2019,20
606900,26/08/2019,18
606900,27/08/2019,17.4
606900,28/08/2019,17
606900,29/08/2019,9
606900,30/08/2019,12.2
606900,31/08/2019,19.1
606900,01/09/2019,11.2
606900,02/09/2019,17.8
606900,03/09/2019,14.2
606900,04/09/2019,3.7
606900,05/09/2019,14.5
606900,06/09/2019,7.5
606900,07/09/2019,12.4
606900,08/09/2019,10.8
606900,09/09/2019,5.5
606900,10/09/2019,3.4
606900,11/09/2019,6.2
606900,12/09/2019,12
606900,13/09/2019,14.9
606900,14/09/2019,12.9
606900,15/09/2019,9.4
606900,16/09/2019,12.5
606900,17/09/2019,12.5
606900,18/09/2019,12.6
606900,19/09/2019,13.3
606900,20/09/2019,6.2
606900,21/09/2019,13.4
606900,22/09/2019,14.8
606900,23/09/2019,5.2
606900,24/09/2019,2.2
606900,25/09/2019,2.9
606900,26/09/2019,3.2
606900,27/09/2019,8.6
606900,28/09/2019,6
606900,29/09/2019,6.4
606900,30/09/2019,10.4
606900,01/10/2019,8.3
606900,02/10/2019,5.7
606900,03/10/2019,7.6
606900,04/10/2019,4.4
606900,05/10/2019,10
606900,06/10/2019,7.1
606900,07/10/2019,10
606900,08/10/2019,8.7
606900,09/10/2019,6.1
606900,10/10/2019,7.8
606900,11/10/2019,4.3
606900,12/10/2019,6.8
606900,13/10/2019,3.4
606900,14/10/2019,6.2
606900,15/10/2019,2.8
606900,16/10/2019,1.8
606900,17/10/2019,3.6
606900,18/10/2019,2.8
606900,19/10/2019,4.4
606900,20/10/2019,6.8
606900,21/10/2019,2.8
606900,22/10/2019,4.5
606900,23/10/2019,5.6
606900,24/10/2019,2.4
606900,25/10/2019,4.6
606900,26/10/2019,1.1
606900,27/10/2019,5.1
606900,28/10/2019,5.4
606900,29/10/2019,6.9
606900,30/10/2019,3
606900,31/10/2019,3.3
606900,01/11/2019,3.1
606900,02/11/2019,0.9
606900,03/11/2019,1.2
606900,04/11/2019,0.9
606900,05/11/2019,1.1
606900,06/11/2019,2.2
606900,07/11/2019,1.7
606900,08/11/2019,1.2
606900,09/11/2019,1.5
606900,10/11/2019,3.3
606900,11/11/2019,2.4
606900,12/11/2019,1.5
606900,13/11/2019,3.9
606900,14/11/2019,3.2
606900,15/11/2019,1.1
606900,16/11/2019,0.3
606900,17/11/2019,2
606900,18/11/2019,0.3
606900,19/11/2019,0.9
606900,20/11/2019,2.8
606900,21/11/2019,0.8
606900,22/11/2019,1.1
606900,23/11/2019,0.3
606900,24/11/2019,0.4
606900,25/11/2019,0.2
606900,26/11/2019,0.4
606900,27/11/2019,0.7
606900,28/11/2019,0.6
606900,29/11/2019,2.8
606900,30/11/2019,2.9
606900,01/12/2019,1.8
606900,02/12/2019,2.5
606900,03/12/2019,0.7
606900,04/12/2019,1.4
606900,05/12/2019,1.6
606900,06/12/2019,0.6
606900,07/12/2019,1.7
606900,08/12/2019,1
606900,09/12/2019,1.6
606900,10/12/2019,1.4
606900,11/12/2019,1.7
606900,12/12/2019,1.1
606900,13/12/2019,1.1
606900,14/12/2019,0.6
606900,15/12/2019,0.4
606900,16/12/2019,0.2
606900,17/12/2019,0.4
606900,18/12/2019,1.5
606900,19/12/2019,1.3
606900,20/12/2019,0.6
606900,21/12/2019,1
606900,22/12/2019,0.7
606900,23/12/2019,0.3
606900,24/12/2019,0.9
606900,25/12/2019,1.6
606900,26/12/2019,1.8
606900,27/12/2019,1.5
606900,28/12/2019,0.7
606900,29/12/2019,0.4
606900,30/12/2019,1.4
606900,31/12/2019,2
606900,01/01/2020,1.5
606900,02/01/2020,0.4
606900,03/01/2020,1.3
606900,04/01/2020,2.4
606900,05/01/2020,1
606900,06/01/2020,0.6
606900,07/01/2020,1.5
606900,08/01/2020,1.5
606900,09/01/2020,0.3
606900,10/01/2020,0.6
606900,11/01/2020,0.4
606900,12/01/2020,1.3
606900,13/01/2020,2.1
606900,14/01/2020,1.6
606900,15/01/2020,0.8
606900,16/01/2020,2
606900,17/01/2020,2
606900,18/01/2020,1.1
606900,19/01/2020,3.5
606900,20/01/2020,0.9
606900,21/01/2020,0.8
606900,22/01/2020,3.3
606900,23/01/2020,1.4
606900,24/01/2020,0.8
606900,25/01/2020,2.4
606900,26/01/2020,0.8
606900,27/01/2020,1.7
606900,28/01/2020,1.2
606900,29/01/2020,3
606900,30/01/2020,2
606900,31/01/2020,1.6
606900,01/02/2020,1.8
606900,02/02/2020,3.6
606900,03/02/2020,1.8
606900,04/02/2020,2.6
606900,05/02/2020,4.4
606900,06/02/2020,2.8
606900,07/02/2020,1.4
606900,08/02/2020,2.8
606900,09/02/2020,0.4
606900,10/02/2020,2.8
606900,11/02/2020,1.7
606900,12/02/2020,2.6
606900,13/02/2020,4.8
606900,14/02/2020,3.9
606900,15/02/2020,1.4
606900,16/02/2020,1.9
606900,17/02/2020,1.4
606900,18/02/2020,5.1
606900,19/02/2020,5.3
606900,20/02/2020,2.2
606900,21/02/2020,4.4
606900,22/02/2020,4
606900,23/02/2020,6.2
606900,24/02/2020,3.3
606900,25/02/2020,3.1
606900,26/02/2020,3.9
606900,27/02/2020,5.8
606900,28/02/2020,8.6
606900,29/02/2020,2.1
606900,01/03/2020,6.1
606900,02/03/2020,8.3
606900,03/03/2020,2.3
606900,04/03/2020,7.7
606900,05/03/2020,9.8
606900,06/03/2020,3.3
606900,07/03/2020,7
606900,08/03/2020,1.7
606900,09/03/2020,6.5
606900,10/03/2020,2.6
606900,11/03/2020,13.3
606900,12/03/2020,6
606900,13/03/2020,9.3
606900,14/03/2020,14.9
606900,15/03/2020,1.8
606900,16/03/2020,7.2
606900,17/03/2020,3.8
606900,18/03/2020,5.3
606900,19/03/2020,12.4
606900,20/03/2020,14.9
606900,21/03/2020,14.4
606900,22/03/2020,15.4
606900,23/03/2020,16.7
606900,24/03/2020,16.1
606900,25/03/2020,17.4
606900,26/03/2020,17.5
606900,27/03/2020,17.5
606900,28/03/2020,16.5
606900,29/03/2020,18.9
606900,30/03/2020,18.1
606900,31/03/2020,10.4
606900,01/04/2020,9.4
606900,02/04/2020,8
606900,03/04/2020,18.1
606900,04/04/2020,14.8
606900,05/04/2020,19.4
606900,06/04/2020,19.4
606900,07/04/2020,19.7
606900,08/04/2020,15.6
606900,09/04/2020,20.6
606900,10/04/2020,18.6
606900,11/04/2020,5.1
606900,12/04/2020,18.5
606900,13/04/2020,20.9
606900,14/04/2020,19.9
606900,15/04/2020,16.1
606900,16/04/2020,19.2
606900,17/04/2020,22.9
606900,18/04/2020,21.4
606900,19/04/2020,23.3
606900,20/04/2020,23.1
606900,21/04/2020,23.1
606900,22/04/2020,23.8
606900,23/04/2020,23.3
606900,24/04/2020,20.6
606900,25/04/2020,19.5
606900,26/04/2020,17.5
606900,27/04/2020,4.5
606900,28/04/2020,17.6
606900,29/04/2020,12.4
606900,30/04/2020,4.1
606900,01/05/2020,11.8
606900,02/05/2020,11.8
606900,03/05/2020,22.8
606900,04/05/2020,23.8
606900,05/05/2020,25.2
606900,06/05/2020,23.7
606900,07/05/2020,24.2
606900,08/05/2020,20.3
606900,09/05/2020,24.3
606900,10/05/2020,10.7
606900,11/05/2020,25.2
606900,12/05/2020,20.6
606900,13/05/2020,27.4
606900,14/05/2020,22.9
606900,15/05/2020,20.3
606900,16/05/2020,13.2
606900,17/05/2020,13.5
606900,18/05/2020,8.7
606900,19/05/2020,21.4
606900,20/05/2020,27.2
606900,21/05/2020,26.3
606900,22/05/2020,12.7
606900,23/05/2020,19.6
606900,24/05/2020,7.8
606900,25/05/2020,15.5
606900,26/05/2020,22.6
606900,27/05/2020,20.3
606900,28/05/2020,29.1
606900,29/05/2020,29.8
606900,30/05/2020,28.9
606900,31/05/2020,28.5
606900,01/06/2020,29.1
606900,02/06/2020,28.6
606900,03/06/2020,16.6
606900,04/06/2020,9.5
606900,05/06/2020,21
606900,06/06/2020,15.2
606900,07/06/2020,18.4
606900,08/06/2020,21.7
606900,09/06/2020,17.1
606900,10/06/2020,19.7
606900,11/06/2020,23.4
606900,12/06/2020,6.9
606900,13/06/2020,11.7
606900,14/06/2020,29.8
606900,15/06/2020,30.7
606900,16/06/2020,29.8
606900,17/06/2020,16.2
606900,18/06/2020,22.2
606900,19/06/2020,8.4
606900,20/06/2020,6
606900,21/06/2020,25.6
606900,22/06/2020,27.2
606900,23/06/2020,29.9
606900,24/06/2020,29.3
606900,25/06/2020,26.2
606900,26/06/2020,27.5
606900,27/06/2020,20.5
606900,28/06/2020,12
606900,29/06/2020,20.4
606900,30/06/2020,14.6
606900,01/07/2020,15.2
606900,02/07/2020,26.8
606900,03/07/2020,12.4
606900,04/07/2020,6
606900,05/07/2020,13.3
606900,06/07/2020,16.5
606900,07/07/2020,19
606900,08/07/2020,26.5
606900,09/07/2020,27.8
606900,10/07/2020,18.9
606900,11/07/2020,22.2
606900,12/07/2020,16.2
606900,13/07/2020,19
606900,14/07/2020,8.5
606900,15/07/2020,14.9
606900,16/07/2020,21.2
606900,17/07/2020,21.5
606900,18/07/2020,17
606900,19/07/2020,6.8
606900,20/07/2020,22.8
606900,21/07/2020,25
606900,22/07/2020,24
606900,23/07/2020,15.1
606900,24/07/2020,13.7
606900,25/07/2020,15.4
606900,26/07/2020,12.1
606900,27/07/2020,16.3
606900,28/07/2020,14.7
606900,29/07/2020,11.3
606900,30/07/2020,10.7
606900,31/07/2020,22
606900,01/08/2020,23
606900,02/08/2020,13.4
606900,03/08/2020,20.1
606900,04/08/2020,20.5
606900,05/08/2020,6.9
606900,06/08/2020,16.4
606900,07/08/2020,22.8
606900,08/08/2020,20
606900,09/08/2020,19.7
606900,10/08/2020,20.8
606900,11/08/2020,20.9
606900,12/08/2020,22.6
606900,13/08/2020,23.7
606900,14/08/2020,22.8
606900,15/08/2020,21.7
606900,16/08/2020,21.7
606900,17/08/2020,22.7
606900,18/08/2020,13.4
606900,19/08/2020,16.4
606900,20/08/2020,4.4
606900,21/08/2020,11.4
606900,22/08/2020,17.6
606900,23/08/2020,14.9
606900,24/08/2020,13.6
606900,25/08/2020,17.7
606900,26/08/2020,10.6
606900,27/08/2020,9.4
606900,28/08/2020,6.4
606900,29/08/2020,7.4
606900,30/08/2020,14.8
606900,31/08/2020,19.6
606900,01/09/2020,18.3
606900,02/09/2020,17.8
606900,03/09/2020,8.4
606900,04/09/2020,13.1
606900,05/09/2020,14.5
606900,06/09/2020,13.1
606900,07/09/2020,12.2
606900,08/09/2020,15.4
606900,09/09/2020,9.1
606900,10/09/2020,14.2
606900,11/09/2020,6.7
606900,12/09/2020,6.1
606900,13/09/2020,3.5
606900,14/09/2020,15.1
606900,15/09/2020,12.6
606900,16/09/2020,10.9
606900,17/09/2020,15.6
606900,18/09/2020,15.5
606900,19/09/2020,10.2
606900,20/09/2020,7.5
606900,21/09/2020,9.3
606900,22/09/2020,11.5
606900,23/09/2020,8.6
606900,24/09/2020,11.5
606900,25/09/2020,3.1
606900,26/09/2020,3.2
606900,27/09/2020,9.3
606900,28/09/2020,2.5
606900,29/09/2020,4.3
606900,30/09/2020,5.7
606900,01/10/2020,4.9
606900,02/10/2020,3
606900,03/10/2020,2.9
606900,04/10/2020,4.6
606900,05/10/2020,8.6
606900,06/10/2020,4.6
606900,07/10/2020,4.7
606900,08/10/2020,3.1
606900,09/10/2020,5.2
606900,10/10/2020,8.4
606900,11/10/2020,8
606900,12/10/2020,5.1
606900,13/10/2020,6.3
606900,14/10/2020,7
606900,15/10/2020,7.2
606900,16/10/2020,8.1
606900,17/10/2020,7.1
606900,18/10/2020,7.9
606900,19/10/2020,7.4
606900,20/10/2020,2.2
606900,21/10/2020,1.9
606900,22/10/2020,3.7
606900,23/10/2020,4.5
606900,24/10/2020,4.9
606900,25/10/2020,1.7
606900,26/10/2020,2.3
606900,27/10/2020,5.2
606900,28/10/2020,5.5
606900,29/10/2020,5.4
606900,30/10/2020,1.8
606900,31/10/2020,3.9
606900,01/11/2020,2.8
606900,02/11/2020,1.5
606900,03/11/2020,4.5
606900,04/11/2020,4.9
606900,05/11/2020,1.3
606900,06/11/2020,4.3
606900,07/11/2020,1.8
606900,08/11/2020,4.6
606900,09/11/2020,1.4
606900,10/11/2020,1.1
606900,11/11/2020,0.5
606900,12/11/2020,0.8
606900,13/11/2020,3.3
606900,14/11/2020,2.4
606900,15/11/2020,2.7
606900,16/11/2020,2.7
606900,17/11/2020,0.8
606900,18/11/2020,1.3
606900,19/11/2020,3.1
606900,20/11/2020,3.1
606900,21/11/2020,0.8
606900,22/11/2020,2.5
606900,23/11/2020,2.3
606900,24/11/2020,0.4
606900,25/11/2020,0.9
606900,26/11/2020,2.3
606900,27/11/2020,2.8
606900,28/11/2020,1.7
606900,29/11/2020,0.4
606900,30/11/2020,0.7
606900,01/12/2020,0.5
606900,02/12/2020,0.4
606900,03/12/2020,0.6
606900,04/12/2020,0.8
606900,05/12/2020,0.4
606900,06/12/2020,0.5
606900,07/12/2020,0.4
606900,08/12/2020,0.9
606900,09/12/2020,0.6
606900,10/12/2020,0.2
606900,11/12/2020,0.2
606900,12/12/2020,0.2
606900,13/12/2020,0.6
606900,14/12/2020,0.3
606900,15/12/2020,0.4
606900,16/12/2020,0.8
606900,17/12/2020,0.5
606900,18/12/2020,0.8
606900,19/12/2020,2
606900,20/12/2020,0.7
606900,21/12/2020,1.5
606900,22/12/2020,0.9
606900,23/12/2020,1.1
606900,24/12/2020,1.6
606900,25/12/2020,2.2
606900,26/12/2020,0.7
606900,27/12/2020,0.5
606900,28/12/2020,0.4
606900,29/12/2020,0.2
606900,30/12/2020,0.6
606900,31/12/2020,0.5
606900,01/01/2021,1.1
606900,02/01/2021,1.1
606900,03/01/2021,0.9
606900,04/01/2021,0.5
606900,05/01/2021,0.7
606900,06/01/2021,0.4
606900,07/01/2021,0.4
606900,08/01/2021,0.8
606900,09/01/2021,0.8
606900,10/01/2021,1.6
606900,11/01/2021,1.1
606900,12/01/2021,2.1
606900,13/01/2021,1
606900,14/01/2021,0.6
606900,15/01/2021,1.2
606900,16/01/2021,4.2
606900,17/01/2021,2.6
606900,18/01/2021,1.1
606900,19/01/2021,0.9
606900,20/01/2021,0.6
606900,21/01/2021,2
606900,22/01/2021,2.1
606900,23/01/2021,1.7
606900,24/01/2021,1.5
606900,25/01/2021,1.7
606900,26/01/2021,2.3
606900,27/01/2021,1.3
606900,28/01/2021,5.4
606900,29/01/2021,2.4
606900,30/01/2021,3.4
606900,31/01/2021,5.7
606900,01/02/2021,5.4
606900,02/02/2021,3.6
606900,03/02/2021,1.7
606900,04/02/2021,2.3
606900,05/02/2021,3.4
606900,06/02/2021,6.1
606900,07/02/2021,2.9
606900,08/02/2021,3.2
606900,09/02/2021,2.5
606900,10/02/2021,6.9
606900,11/02/2021,5.1
606900,12/02/2021,8.8
606900,13/02/2021,8.5
606900,14/02/2021,7.8
606900,15/02/2021,2
606900,16/02/2021,2.9
606900,17/02/2021,2.3
606900,18/02/2021,2.2
606900,19/02/2021,6.3
606900,20/02/2021,4.4
606900,21/02/2021,6.3
606900,22/02/2021,6.9
606900,23/02/2021,2.3
606900,24/02/2021,2.6
606900,25/02/2021,4.8
606900,26/02/2021,4.5
606900,27/02/2021,8.7
606900,28/02/2021,8.9
606900,01/03/2021,5
606900,02/03/2021,11.2
606900,03/03/2021,6.8
606900,04/03/2021,11.9
606900,05/03/2021,12.2
606900,06/03/2021,5.9
606900,07/03/2021,11.4
606900,08/03/2021,13
606900,09/03/2021,13.6
606900,10/03/2021,6.2
606900,11/03/2021,2.4
606900,12/03/2021,5.8
606900,13/03/2021,3.1
606900,14/03/2021,8.6
606900,15/03/2021,6.3
606900,16/03/2021,13.2
606900,17/03/2021,8
606900,18/03/2021,11.9
606900,19/03/2021,12.7
606900,20/03/2021,4.7
606900,21/03/2021,13.4
606900,22/03/2021,6.2
606900,23/03/2021,8.2
606900,24/03/2021,9
606900,25/03/2021,12.9
606900,26/03/2021,6.9
606900,27/03/2021,8.1
606900,28/03/2021,3.5
606900,29/03/2021,2.8
606900,30/03/2021,16.3
606900,31/03/2021,10.2
606900,01/04/2021,17.5
606900,02/04/2021,15.7
606900,03/04/2021,17.7
606900,04/04/2021,6.4
606900,05/04/2021,11.5
606900,06/04/2021,16.2
606900,07/04/2021,12.3
606900,08/04/2021,8.9
606900,09/04/2021,14.8
606900,10/04/2021,16.3
606900,11/04/2021,3.7
606900,12/04/2021,15.8
606900,13/04/2021,16.8
606900,14/04/2021,17.9
606900,15/04/2021,15.8
606900,16/04/2021,18.6
606900,17/04/2021,16.7
606900,18/04/2021,20.9
606900,19/04/2021,21.7
606900,20/04/2021,22.7
606900,21/04/2021,19.5
606900,22/04/2021,23.9
606900,23/04/2021,16.3
606900,24/04/2021,23
606900,25/04/2021,23.6
606900,26/04/2021,17.7
606900,27/04/2021,23.1
606900,28/04/2021,15.7
606900,29/04/2021,18.4
606900,30/04/2021,4.2
606900,01/05/2021,12.9
606900,02/05/2021,18.2
606900,03/05/2021,16.4
606900,04/05/2021,5.8
606900,05/05/2021,8.5
606900,06/05/2021,10.9
606900,07/05/2021,15.8
606900,08/05/2021,20.6
606900,09/05/2021,18.6
606900,10/05/2021,15
606900,11/05/2021,8.6
606900,12/05/2021,4.5
606900,13/05/2021,11.5
606900,14/05/2021,9.3
606900,15/05/2021,7.6
606900,16/05/2021,6.7
606900,17/05/2021,11.2
606900,18/05/2021,16.1
606900,19/05/2021,12.2
606900,20/05/2021,20
606900,21/05/2021,15.2
606900,22/05/2021,10.8
606900,23/05/2021,8.6
606900,24/05/2021,8.5
606900,25/05/2021,7.2
606900,26/05/2021,6
606900,27/05/2021,15.3
606900,28/05/2021,23.9
606900,29/05/2021,27.8
606900,30/05/2021,28.8
606900,31/05/2021,28.9
606900,01/06/2021,20.7
606900,02/06/2021,21.2
606900,03/06/2021,13.7
606900,04/06/2021,24.9
606900,05/06/2021,27.4
606900,06/06/2021,20
606900,07/06/2021,20.9
606900,08/06/2021,28.3
606900,09/06/2021,28.4
606900,10/06/2021,25.5
606900,11/06/2021,14.4
606900,12/06/2021,22.5
606900,13/06/2021,29
606900,14/06/2021,15
606900,15/06/2021,26.1
606900,16/06/2021,29.8
606900,17/06/2021,24.7
606900,18/06/2021,14.5
606900,19/06/2021,20.5
606900,20/06/2021,12
606900,21/06/2021,10.9
606900,22/06/2021,18.4
606900,23/06/2021,17.9
606900,24/06/2021,28.5
606900,25/06/2021,14.5
606900,26/06/2021,8.3
606900,27/06/2021,21.7
606900,28/06/2021,30.2
606900,29/06/2021,21
606900,30/06/2021,18.1
606900,01/07/2021,24.8
606900,02/07/2021,9.3
606900,03/07/2021,6
606900,04/07/2021,19.1
606900,05/07/2021,16.5
606900,06/07/2021,12.6
606900,07/07/2021,25.2
606900,08/07/2021,20.8
606900,09/07/2021,17.6
606900,10/07/2021,15.6
606900,11/07/2021,20.2
606900,12/07/2021,24.5
606900,13/07/2021,23
606900,14/07/2021,25.4
606900,15/07/2021,25.9
606900,16/07/2021,27.7
606900,17/07/2021,27.7
606900,18/07/2021,17.9
606900,19/07/2021,25.9
606900,20/07/2021,15.6
606900,21/07/2021,11.4
606900,22/07/2021,19
606900,23/07/2021,21.5
606900,24/07/2021,25.7
606900,25/07/2021,10.3
606900,26/07/2021,16.5
606900,27/07/2021,18.1
606900,28/07/2021,15.4
606900,29/07/2021,14.1
606900,30/07/2021,16.5
606900,31/07/2021,14.9
606900,01/08/2021,16.2
606900,02/08/2021,21.3
606900,03/08/2021,21.7
606900,04/08/2021,14.3
606900,05/08/2021,14.8
606900,06/08/2021,20.5
606900,07/08/2021,7.5
606900,08/08/2021,11.7
606900,09/08/2021,14.8
606900,10/08/2021,11.3
606900,11/08/2021,18.1
606900,12/08/2021,13.1
606900,13/08/2021,13
606900,14/08/2021,15.6
606900,15/08/2021,13.2
606900,16/08/2021,6.8
606900,17/08/2021,19.4
606900,18/08/2021,7.1
606900,19/08/2021,17
606900,20/08/2021,14.3
606900,21/08/2021,14.8
606900,22/08/2021,18.3
606900,23/08/2021,21.1
606900,24/08/2021,19.8
606900,25/08/2021,11.9
606900,26/08/2021,6.6
606900,27/08/2021,4.3
606900,28/08/2021,8.7
606900,29/08/2021,12.5
606900,30/08/2021,19.7
606900,31/08/2021,19
606900,01/09/2021,17.9
606900,02/09/2021,14.5
606900,03/09/2021,18.6
606900,04/09/2021,18.8
606900,05/09/2021,18.9
606900,06/09/2021,9.9
606900,07/09/2021,9.8
606900,08/09/2021,15.7
606900,09/09/2021,16.4
606900,10/09/2021,7.3
606900,11/09/2021,6.9
606900,12/09/2021,7.8
606900,13/09/2021,6.2
606900,14/09/2021,12
606900,15/09/2021,3.2
606900,16/09/2021,4
606900,17/09/2021,3.9
606900,18/09/2021,4.5
606900,19/09/2021,4.9
606900,20/09/2021,7.8
606900,21/09/2021,7.5
606900,22/09/2021,13.6
606900,23/09/2021,5.7
606900,24/09/2021,4.4
606900,25/09/2021,12.4
606900,26/09/2021,10.1
606900,27/09/2021,2.2
606900,28/09/2021,11.9
606900,29/09/2021,6.9
606900,30/09/2021,6.5
606900,01/10/2021,2.7
606900,02/10/2021,5.4
606900,03/10/2021,1.8
606900,04/10/2021,3.6
606900,05/10/2021,6.5
606900,06/10/2021,6.9
606900,07/10/2021,9.7
606900,08/10/2021,10.3
606900,09/10/2021,6.1
606900,10/10/2021,7
606900,11/10/2021,7.6
606900,12/10/2021,10.5
606900,13/10/2021,6.2
606900,14/10/2021,4.6
606900,15/10/2021,8.4
606900,16/10/2021,6.4
606900,17/10/2021,5.5
606900,18/10/2021,2
606900,19/10/2021,1.5
606900,20/10/2021,2.2
606900,21/10/2021,5.9
606900,22/10/2021,7
606900,23/10/2021,6.4
606900,24/10/2021,2.7
606900,25/10/2021,3.2
606900,26/10/2021,5.9
606900,27/10/2021,0.8
606900,28/10/2021,4
606900,29/10/2021,6.2
606900,30/10/2021,2.6
606900,31/10/2021,4.3
606900,01/11/2021,3
606900,02/11/2021,4.3
606900,03/11/2021,5.2
606900,04/11/2021,2.9
606900,05/11/2021,4.5
606900,06/11/2021,1.5
606900,07/11/2021,3
606900,08/11/2021,1.8
606900,09/11/2021,0.8
606900,10/11/2021,2.3
606900,11/11/2021,2.4
606900,12/11/2021,1.1
606900,13/11/2021,1.1
606900,14/11/2021,0.7
606900,15/11/2021,0.6
606900,16/11/2021,0.4
606900,17/11/2021,2
606900,18/11/2021,0.9
606900,19/11/2021,1.9
606900,20/11/2021,0.8
606900,21/11/2021,2.4
606900,22/11/2021,3.3
606900,23/11/2021,2.5
606900,24/11/2021,1.7
606900,25/11/2021,2.5
606900,26/11/2021,2.2
606900,27/11/2021,1.3
606900,28/11/2021,0.9
606900,29/11/2021,2.2
606900,30/11/2021,2.3
606900,01/12/2021,0.7
606900,02/12/2021,2.6
606900,03/12/2021,0.9
606900,04/12/2021,0.9
606900,05/12/2021,0.6
606900,06/12/2021,1.4
606900,07/12/2021,1
606900,08/12/2021,0.5
606900,09/12/2021,0.7
606900,10/12/2021,0.6
606900,11/12/2021,0.9
606900,12/12/2021,0.7
606900,13/12/2021,0.9
606900,14/12/2021,1.6
606900,15/12/2021,0.8
606900,16/12/2021,2.2
606900,17/12/2021,0.6
606900,18/12/2021,2
606900,19/12/2021,2.2
606900,20/12/2021,2.2
606900,21/12/2021,0.9
606900,22/12/2021,0.9
606900,23/12/2021,0.5
606900,24/12/2021,1.2
606900,25/12/2021,2.1
606900,26/12/2021,3
606900,27/12/2021,3
606900,28/12/2021,0.5
606900,29/12/2021,1.1
606900,30/12/2021,1.5
606900,31/12/2021,1.2
606900,01/01/2022,0.9
606900,02/01/2022,0.5
606900,03/01/2022,0.8
606900,04/01/2022,2
606900,05/01/2022,1.2
606900,06/01/2022,3.3
606900,07/01/2022,1.5
606900,08/01/2022,1.5
606900,09/01/2022,1.1
606900,10/01/2022,1.2
606900,11/01/2022,1
606900,12/01/2022,1.5
606900,13/01/2022,2
606900,14/01/2022,3
606900,15/01/2022,2
606900,16/01/2022,1
606900,17/01/2022,3.5
606900,18/01/2022,1.7
606900,19/01/2022,0.4
606900,20/01/2022,3.9
606900,21/01/2022,2.2
606900,22/01/2022,1.3
606900,23/01/2022,1.5
606900,24/01/2022,0.5
606900,25/01/2022,3.8
606900,26/01/2022,1.5
606900,27/01/2022,2.4
606900,28/01/2022,4.4
606900,29/01/2022,1
606900,30/01/2022,5
606900,31/01/2022,2.9
606900,01/02/2022,1.7
606900,02/02/2022,4.5
606900,03/02/2022,1.3
606900,04/02/2022,1.2
606900,05/02/2022,3.8
606900,06/02/2022,3.6
606900,07/02/2022,3.6
606900,08/02/2022,4.7
606900,09/02/2022,3.3
606900,10/02/2022,4.7
606900,11/02/2022,6.7
606900,12/02/2022,3.9
606900,13/02/2022,1.2
606900,14/02/2022,1.1
606900,15/02/2022,4.7
606900,16/02/2022,1.3
606900,17/02/2022,4.2
606900,18/02/2022,1.6
606900,19/02/2022,5.1
606900,20/02/2022,2.1
606900,21/02/2022,5.5
606900,22/02/2022,4.2
606900,23/02/2022,7
606900,24/02/2022,2.8
606900,25/02/2022,6.7
606900,26/02/2022,10.5
606900,27/02/2022,10.9
606900,28/02/2022,11
606900,01/03/2022,3.2
606900,02/03/2022,11.5
606900,03/03/2022,11.9
606900,04/03/2022,11.9
606900,05/03/2022,12.6
606900,06/03/2022,12.6
606900,07/03/2022,12.8
606900,08/03/2022,10.8
606900,09/03/2022,9.1
606900,10/03/2022,10.9
606900,11/03/2022,13.9
606900,12/03/2022,13.4
606900,13/03/2022,13.8
606900,14/03/2022,13
606900,15/03/2022,11.2
606900,16/03/2022,11.6
606900,17/03/2022,1.8
606900,18/03/2022,14.8
606900,19/03/2022,15.1
606900,20/03/2022,15.5
606900,21/03/2022,13.8
606900,22/03/2022,15.1
606900,23/03/2022,15.5
606900,24/03/2022,15.6
606900,25/03/2022,16.1
606900,26/03/2022,15.8
606900,27/03/2022,11.9
606900,28/03/2022,10.1
606900,29/03/2022,16.1
606900,30/03/2022,18
606900,31/03/2022,15.8
606900,01/04/2022,13.3
606900,02/04/2022,14.9
606900,03/04/2022,12.5
606900,04/04/2022,5.5
606900,05/04/2022,16.3
606900,06/04/2022,6.2
606900,07/04/2022,10.6
606900,08/04/2022,15.1
606900,09/04/2022,14.6
606900,10/04/2022,16.4
606900,11/04/2022,20.4
606900,12/04/2022,14.4
606900,13/04/2022,12.3
606900,14/04/2022,3
606900,15/04/2022,5.2
606900,16/04/2022,20.7
606900,17/04/2022,22.4
606900,18/04/2022,22.6
606900,19/04/2022,21.4
606900,20/04/2022,22.6
606900,21/04/2022,23.3
606900,22/04/2022,23.6
606900,23/04/2022,23.7
606900,24/04/2022,20.3
606900,25/04/2022,23.5
606900,26/04/2022,18.1
606900,27/04/2022,16.1
606900,28/04/2022,25.1
606900,29/04/2022,22.1
606900,30/04/2022,22.3
606900,01/05/2022,12.6
606900,02/05/2022,20.1
606900,03/05/2022,24.3
606900,04/05/2022,17.7
606900,05/05/2022,10.4
606900,06/05/2022,13
606900,07/05/2022,24.3
606900,08/05/2022,26.7
606900,09/05/2022,26
606900,10/05/2022,5.8
606900,11/05/2022,9.7
606900,12/05/2022,18.6
606900,13/05/2022,12.5
606900,14/05/2022,22
606900,15/05/2022,23.7
606900,16/05/2022,12
606900,17/05/2022,25.2
606900,18/05/2022,22.4
606900,19/05/2022,13.7
606900,20/05/2022,18.5
606900,21/05/2022,12.4
606900,22/05/2022,21
606900,23/05/2022,26.3
606900,24/05/2022,9.4
606900,25/05/2022,20.2
606900,26/05/2022,20.4
606900,27/05/2022,22.9
606900,28/05/2022,26.6
606900,29/05/2022,27
606900,30/05/2022,11.9
606900,31/05/2022,16.7
606900,01/06/2022,16.8
606900,02/06/2022,5.7
606900,03/06/2022,7.9
606900,04/06/2022,26.6
606900,05/06/2022,25.4
606900,06/06/2022,8.3
606900,07/06/2022,9.2
606900,08/06/2022,17.2
606900,09/06/2022,10.9
606900,10/06/2022,15.6
606900,11/06/2022,25.4
606900,12/06/2022,19.6
606900,13/06/2022,24.1
606900,14/06/2022,19.3
606900,15/06/2022,21.7
606900,16/06/2022,31.2
606900,17/06/2022,13.3
606900,18/06/2022,22.9
606900,19/06/2022,18.6
606900,20/06/2022,16.1
606900,21/06/2022,28.3
606900,22/06/2022,17.9
606900,23/06/2022,20.9
606900,24/06/2022,30
606900,25/06/2022,24.1
606900,26/06/2022,18.3
606900,27/06/2022,3.7
606900,28/06/2022,23.3
606900,29/06/2022,25.9
606900,30/06/2022,26.3
606900,01/07/2022,9.9
606900,02/07/2022,25.4
606900,03/07/2022,21.3
606900,04/07/2022,17
606900,05/07/2022,21.3
606900,06/07/2022,22.2
606900,07/07/2022,21.3
606900,08/07/2022,23.2
606900,09/07/2022,19.6
606900,10/07/2022,27.8
606900,11/07/2022,29.1
606900,12/07/2022,20.4
606900,13/07/2022,25.2
606900,14/07/2022,20.3
606900,15/07/2022,21
606900,16/07/2022,27.5
606900,17/07/2022,19.7
606900,18/07/2022,14.4
606900,19/07/2022,25.3
606900,20/07/2022,25.7
606900,21/07/2022,18.1
606900,22/07/2022,8.1
606900,23/07/2022,5.2
606900,24/07/2022,13
606900,25/07/2022,9.2
606900,26/07/2022,17.1
606900,27/07/2022,17.5
606900,28/07/2022,22.8
606900,29/07/2022,25.5
606900,30/07/2022,16.4
606900,31/07/2022,8
606900,01/08/2022,27.4
606900,02/08/2022,7.9
606900,03/08/2022,13.2
606900,04/08/2022,12
606900,05/08/2022,20.1
606900,06/08/2022,18.8
606900,07/08/2022,7.9
606900,08/08/2022,19.5
606900,09/08/2022,16.6
606900,10/08/2022,22.5
606900,11/08/2022,23.2
606900,12/08/2022,22.8
606900,13/08/2022,22.4
606900,14/08/2022,20.4
606900,15/08/2022,18.8
606900,16/08/2022,12.6
606900,17/08/2022,17
606900,18/08/2022,7.8
606900,19/08/2022,17
606900,20/08/2022,17.4
606900,21/08/2022,14.6
606900,22/08/2022,17.1
606900,23/08/2022,17.6
606900,24/08/2022,17.5
606900,25/08/2022,20.8
606900,26/08/2022,6.4
606900,27/08/2022,14.8
606900,28/08/2022,12.1
606900,29/08/2022,19.8
606900,30/08/2022,18.9
606900,31/08/2022,16.6
606900,01/09/2022,19.4
606900,02/09/2022,18.2
606900,03/09/2022,14.5
606900,04/09/2022,18
606900,05/09/2022,14.2
606900,06/09/2022,14
606900,07/09/2022,10.7
606900,08/09/2022,9.7
606900,09/09/2022,6.3
606900,10/09/2022,11
606900,11/09/2022,13
606900,12/09/2022,8.1
606900,13/09/2022,11.8
606900,14/09/2022,9.8
606900,15/09/2022,12
606900,16/09/2022,13.5
606900,17/09/2022,15.3
606900,18/09/2022,11.5
606900,19/09/2022,15.2
606900,20/09/2022,15.3
606900,21/09/2022,12.4
606900,22/09/2022,10.8
606900,23/09/2022,6.5
606900,24/09/2022,13.1
606900,25/09/2022,9.1
606900,26/09/2022,2.9
606900,27/09/2022,2.8
606900,28/09/2022,6
606900,29/09/2022,3.4
606900,30/09/2022,5.4
606900,01/10/2022,4.3
606900,02/10/2022,10.5
606900,03/10/2022,10.5
606900,04/10/2022,7.9
606900,05/10/2022,2.5
606900,06/10/2022,7.9
606900,07/10/2022,5.4
606900,08/10/2022,9.9
606900,09/10/2022,9.1
606900,10/10/2022,7.1
606900,11/10/2022,7.5
606900,12/10/2022,5.3
606900,13/10/2022,4.6
606900,14/10/2022,5.1
606900,15/10/2022,7.8
606900,16/10/2022,7.1
606900,17/10/2022,1.6
606900,18/10/2022,5.1
606900,19/10/2022,8.7
606900,20/10/2022,7.9
606900,21/10/2022,1.5
606900,22/10/2022,2.2
606900,23/10/2022,5.8
606900,24/10/2022,2.9
606900,25/10/2022,3.4
606900,26/10/2022,2.9
606900,27/10/2022,4.7
606900,28/10/2022,3.5
606900,29/10/2022,4.3
606900,30/10/2022,2.2
606900,31/10/2022,3.6
606900,01/11/2022,1.5
606900,02/11/2022,3.9
606900,03/11/2022,3
606900,04/11/2022,1.8
606900,05/11/2022,4.2
606900,06/11/2022,2.5
606900,07/11/2022,3.4
606900,08/11/2022,2.6
606900,09/11/2022,3.4
606900,10/11/2022,1.2
606900,11/11/2022,0.9
606900,12/11/2022,1.2
606900,13/11/2022,3.8
606900,14/11/2022,1.6
606900,15/11/2022,0.7
606900,16/11/2022,0.8
606900,17/11/2022,1.4
606900,18/11/2022,2.6
606900,19/11/2022,0.9
606900,20/11/2022,2.6
606900,21/11/2022,3.4
606900,22/11/2022,0.9
606900,23/11/2022,0.6
606900,24/11/2022,0.8
606900,25/11/2022,0.7
606900,26/11/2022,2
606900,27/11/2022,1.3
606900,28/11/2022,0.6
606900,29/11/2022,0.9
606900,30/11/2022,1
606900,01/12/2022,1.6
606900,02/12/2022,0.9
606900,03/12/2022,0.3
606900,04/12/2022,0.7
606900,05/12/2022,0.4
606900,06/12/2022,2
606900,07/12/2022,2
606900,08/12/2022,3.6
606900,09/12/2022,0.8
606900,10/12/2022,0.6
606900,11/12/2022,2.1
606900,12/12/2022,0.9
606900,13/12/2022,2.4
606900,14/12/2022,2.3
606900,15/12/2022,2.7
606900,16/12/2022,2.8
606900,17/12/2022,1.3
606900,18/12/2022,1.4
606900,19/12/2022,0.5
606900,20/12/2022,0.6
606900,21/12/2022,1.1
606900,22/12/2022,1.2
606900,23/12/2022,2.3
606900,24/12/2022,0.9
606900,25/12/2022,0.5
606900,26/12/2022,0.6
606900,27/12/2022,1.9
606900,28/12/2022,1.1
606900,29/12/2022,1.1
606900,30/12/2022,1.1
606900,31/12/2022,0.6
606900,01/01/2023,0.8
606900,02/01/2023,0.7
606900,03/01/2023,2.3
606900,04/01/2023,0.5
606900,05/01/2023,1.4
606900,06/01/2023,1.1
606900,07/01/2023,0.5
606900,08/01/2023,0.9
606900,09/01/2023,1.1
606900,10/01/2023,2.2
606900,11/01/2023,1.4
606900,12/01/2023,1
606900,13/01/2023,0.8
606900,14/01/2023,1.3
606900,15/01/2023,1.6
606900,16/01/2023,1.9
606900,17/01/2023,0.7
606900,18/01/2023,3.4
606900,19/01/2023,1.4
606900,20/01/2023,2.6
606900,21/01/2023,3.4
606900,22/01/2023,1.2
606900,23/01/2023,2.7
606900,24/01/2023,2.1
606900,25/01/2023,0.8
606900,26/01/2023,3.9
606900,27/01/2023,4.1
606900,28/01/2023,1.9
606900,29/01/2023,1.8
606900,30/01/2023,4.4
606900,31/01/2023,1.6
606900,01/02/2023,1.8
606900,02/02/2023,5
606900,03/02/2023,1.6
606900,04/02/2023,4.1
606900,05/02/2023,4.2
606900,06/02/2023,2.7
606900,07/02/2023,2.6
606900,08/02/2023,5.2
606900,09/02/2023,3.9
606900,10/02/2023,3.1
606900,11/02/2023,4.7
606900,12/02/2023,2.9
606900,13/02/2023,4.2
606900,14/02/2023,1.1
606900,15/02/2023,1.6
606900,16/02/2023,3.9
606900,17/02/2023,1.7
606900,18/02/2023,5.7
606900,19/02/2023,7.3
606900,20/02/2023,2.1
606900,21/02/2023,3.9
606900,22/02/2023,3.2
606900,23/02/2023,2.8
606900,24/02/2023,4.4
606900,25/02/2023,9.5
606900,26/02/2023,9.7
606900,27/02/2023,10.3
606900,28/02/2023,10.2
606900,01/03/2023,7.9
606900,02/03/2023,10.8
606900,03/03/2023,9.5
606900,04/03/2023,9.9
606900,05/03/2023,12.4
606900,06/03/2023,10.1
606900,07/03/2023,6
606900,08/03/2023,13.8
606900,09/03/2023,10.8
606900,10/03/2023,8.1
606900,11/03/2023,10.7
606900,12/03/2023,7.3
606900,13/03/2023,2.2
606900,14/03/2023,126.2
606900,15/03/2023,9.3
606900,16/03/2023,4.7
606900,17/03/2023,5.7
606900,18/03/2023,5
606900,19/03/2023,4.3
606900,20/03/2023,7.6
606900,21/03/2023,3.9
606900,22/03/2023,3.4
606900,23/03/2023,7.7
606900,24/03/2023,5.7
606900,25/03/2023,7.2
606900,26/03/2023,12.4
606900,27/03/2023,13.4
606900,28/03/2023,11.1
606900,29/03/2023,2.6
606900,30/03/2023,2.6
606900,31/03/2023,4.8
606900,01/04/2023,18.6
606900,02/04/2023,19.5
606900,03/04/2023,17.6
606900,04/04/2023,14
606900,05/04/2023,14.6
606900,06/04/2023,13.8
606900,07/04/2023,19.7
606900,08/04/2023,19.4
606900,09/04/2023,16.5
606900,10/04/2023,13.1
606900,11/04/2023,12.4
606900,12/04/2023,10.3
606900,13/04/2023,14
606900,14/04/2023,10.8
606900,15/04/2023,8.7
606900,16/04/2023,10.7
606900,17/04/2023,22.3
606900,18/04/2023,21.9
606900,19/04/2023,23.2
606900,20/04/2023,22.5
606900,21/04/2023,23.4
606900,22/04/2023,20.4
606900,23/04/2023,12.7
606900,24/04/2023,6.4
606900,25/04/2023,8.6
606900,26/04/2023,19.6
606900,27/04/2023,22.5
606900,28/04/2023,21.5
606900,29/04/2023,18.5
606900,30/04/2023,19.1
606900,01/05/2023,13.9
606900,02/05/2023,24.1
606900,03/05/2023,23.7
606900,04/05/2023,12.8
606900,05/05/2023,14.9
606900,06/05/2023,16.3
606900,07/05/2023,25.7
606900,08/05/2023,26.5
606900,09/05/2023,25.2
606900,10/05/2023,22.3
606900,11/05/2023,7.6
606900,12/05/2023,26.5
606900,13/05/2023,25
606900,14/05/2023,20.2
606900,15/05/2023,14.7
606900,16/05/2023,13.8
606900,17/05/2023,24.2
606900,18/05/2023,24.8
606900,19/05/2023,24.1
606900,20/05/2023,27.7
606900,21/05/2023,25.5
606900,22/05/2023,22
606900,23/05/2023,7.8
606900,24/05/2023,23.8
606900,25/05/2023,28.5
606900,26/05/2023,25.6
606900,27/05/2023,28.2
606900,28/05/2023,28.5
606900,29/05/2023,28.9
606900,30/05/2023,29.2
606900,31/05/2023,28.1
606900,01/06/2023,27.2
606900,02/06/2023,25.5
606900,03/06/2023,28.7
606900,04/06/2023,28.1
606900,05/06/2023,25.3
606900,06/06/2023,28.5
606900,07/06/2023,26.4
606900,08/06/2023,29.4
606900,09/06/2023,25.1
606900,10/06/2023,29
606900,11/06/2023,28.4
606900,12/06/2023,29.4
606900,13/06/2023,29.6
606900,14/06/2023,29.6
606900,15/06/2023,18.9
606900,16/06/2023,26.4
606900,17/06/2023,26.1
606900,18/06/2023,23.8
606900,19/06/2023,18.6
606900,20/06/2023,19.6
606900,21/06/2023,10.2
606900,22/06/2023,26.8
606900,23/06/2023,26.2
606900,24/06/2023,26.8
606900,25/06/2023,14.1
606900,26/06/2023,14.4
606900,27/06/2023,16.7
606900,28/06/2023,27
606900,29/06/2023,8.7
606900,30/06/2023,24.4
606900,01/07/2023,10
606900,02/07/2023,20
606900,03/07/2023,20.2
606900,04/07/2023,14.6
606900,05/07/2023,10.3
606900,06/07/2023,20.6
606900,07/07/2023,22.8
606900,08/07/2023,28.1
606900,09/07/2023,27.6
606900,10/07/2023,8.8
606900,11/07/2023,8.6
606900,12/07/2023,17.4
606900,13/07/2023,23.4
606900,14/07/2023,21.1
606900,15/07/2023,15.8
606900,16/07/2023,19.4
606900,17/07/2023,17.5
606900,18/07/2023,15.2
606900,19/07/2023,18.7
606900,20/07/2023,19.8
606900,21/07/2023,16.4
606900,22/07/2023,20.4
606900,23/07/2023,6.4
606900,24/07/2023,13.9
606900,25/07/2023,22.9
606900,26/07/2023,17.7
606900,27/07/2023,23.3
606900,28/07/2023,26.7
606900,29/07/2023,10.8
606900,30/07/2023,13.7
606900,31/07/2023,17.5
606900,01/08/2023,9.1
606900,02/08/2023,20.8
606900,03/08/2023,9.4
606900,04/08/2023,14.6
606900,05/08/2023,21.8
606900,06/08/2023,13.2
606900,07/08/2023,6.4
606900,08/08/2023,13.4
606900,09/08/2023,8.5
606900,10/08/2023,14.1
606900,11/08/2023,12.8
606900,12/08/2023,10.9
606900,13/08/2023,12
606900,14/08/2023,17.2
606900,15/08/2023,15.5
606900,16/08/2023,11.5
606900,17/08/2023,9
