"Date ID","Year","Month","Day","DOY","Temperature.C","Depth.cm","Volume.m3","Evaporation.cm","Precipitation.cm","total radiation","snow depth","temp.05","temp.15","temp.25","In.M.temp","Solar absorb"
18262,"2020","01","01",1,4.08514266724376,189,2375.04404611388,0.454603341881392,0.582799999999999,707.240153621879,19.2024,0,0,0,15.3438989524019,0.0869867606672952
18263,"2020","01","02",2,4.32423299928047,189.128196658119,2376.65501283132,0.430306246876493,0.25,1017.35687295281,18.9524,1.056247457072,8.4859109848972,9.07482480167118,15.3248428654146,0.0871812161348584
18264,"2020","01","03",3,4.51239941898331,188.947890411242,2374.38921770899,0.343038805218587,0.634799999999998,694.234680156519,18.3176,0.971376672244617,8.41012690086546,9.03269226544933,15.3062831636391,0.0876984242840583
18265,"2020","01","04",4,3.7892144089368,189.239651606024,2378.0555970135,0.388295050873801,0,566.460823056142,18.6812,0.939020388103813,8.35389774807339,9.0003974341966,15.2882253467157,0.0873979490850897
18266,"2020","01","05",5,2.93575381106393,188.85135655515,2373.1761374965,0.552980528479442,0.25,1178.65388671417,18.4312,0.874269572276717,8.2739359924185,8.95263670197789,15.2706747655651,0.0876032944992106
18267,"2020","01","06",6,2.88506733406285,188.54837602667,2369.36877188669,0.355816843082088,0,630.324892222825,21.5812,0.816307832736527,8.19804267179467,8.90682733098458,15.2536366208034,0.0853586160282055
18268,"2020","01","07",7,2.92337639896704,188.192559183588,2364.89744556569,0.302630649613234,0.25,1610.75924545,21.3312,0.735977799688612,8.12099136958193,8.85896416980995,15.2371159612006,0.0855128982186415
18269,"2020","01","08",8,2.44088878053532,188.139928533975,2364.23606931698,0.660613691706324,0.25,1305.95317617987,21.0812,0.66703791715679,8.05611855569282,8.81682334007041,15.2211176821846,0.0856707857396571
18270,"2020","01","09",9,1.77738019884231,187.729314842269,2359.07614548767,0.530027854982649,0.25,1719.46195780831,20.8312,0.601525119344842,7.97783100929053,8.76577163570789,15.2056465243908,0.0858324064616199
18271,"2020","01","10",10,3.10904194041336,187.449286987286,2355.55721167961,0.551321826945207,0.25,201.921403986728,20.5812,0.540070811636724,7.90489065814296,8.71720198215411,15.1907070722572,0.0859978943741505
18272,"2020","01","11",11,4.17900641127829,187.147965160341,2351.77068992802,0.149377749231156,4.6536,191.704102299025,20.2376,0.45520545143205,7.83152776110035,8.66723414449694,15.1763037526658,0.0862319100073956
18273,"2020","01","12",12,2.93504461177554,191.65218741111,2408.37241606063,0.582969705267115,0,1022.08864160968,31.4884,0.583527727220257,7.94519641138317,8.72119991619331,15.162440833631,0.0811972481102768
18274,"2020","01","13",13,2.4437791364137,191.069217705843,2401.0466026873,0.305888336538587,0,558.028473543897,32.2384,0.465790644966035,7.86070519130021,8.65954624740584,15.149122423035,0.0809853533864149
18275,"2020","01","14",14,2.39139947229705,190.763329369304,2397.20269648374,0.335196985590357,0.25,709.088521877014,31.9884,0.417599436126807,7.78582365327668,8.61064762318068,15.1363524674103,0.0810548917148551
18276,"2020","01","15",15,2.6361491115677,190.678132383714,2396.13207958759,0.193687241254261,0.0499999999999972,518.101192245772,31.9384,0.36307702578938,7.72143242568541,8.56619632366591,15.1241347507703,0.0810689287397375
18277,"2020","01","16",16,1.83863065900675,190.534445142459,2394.32645246143,0.627942457973201,0,1189.0934400521,36.2884,0.299964192888012,7.65619705763379,8.51993467677755,15.1124728934882,0.0799911702674053
18278,"2020","01","17",17,0.617554824783554,189.906502684486,2386.43549481005,0.681865208165657,0.25,2329.12188018056,36.0384,0.215816086889674,7.5726441059478,8.46272216198486,15.1013703512239,0.0800461247304255
18279,"2020","01","18",18,0.526928172419503,189.47463747632,2381.00851654879,0.588345634027314,0,660.566843385018,46.0884,0.129476463450032,7.49761685028346,8.40998668113161,15.0908304139002,0.0783035109344964
18280,"2020","01","19",19,0.626491158490012,188.886291842293,2373.61514726226,0.57585519110893,0,1424.51131981905,50.4384,0.01620967413686,7.41689485654319,8.35291966131501,15.0808562047282,0.0777632483213013
18281,"2020","01","20",20,0.278785879967018,188.310436651184,2366.37873751059,0.53381088588173,0.25,2326.04497814825,50.1884,-0.0276148693380378,7.33704249201674,8.29569401141998,15.0714506792813,0.0777917772198417
18282,"2020","01","21",21,0.894815316526319,188.026625765303,2362.81226473421,0.392166273930179,0.25,1720.0050367458,49.9384,-0.115498482440216,7.26965019848387,8.24457022155627,15.0626166246196,0.0778205899676838
18283,"2020","01","22",22,1.71886852971687,187.884459491372,2361.02575064714,0.575481813276035,0.25,2104.02348086329,49.6884,-0.215808039122635,7.20840383632287,8.19593243507069,15.0543566584642,0.0778496908222607
18284,"2020","01","23",23,2.20556107013317,187.558977678096,2356.93562555328,0.292203503752216,0.25,1364.37616693695,49.4384,-0.305646154116403,7.13944596273666,8.14253184768853,15.0466732284212,0.0778790841265756
18285,"2020","01","24",24,2.18846609821395,173.807904003626,2184.13453741453,0.384669932202671,0.25,1584.21092271191,49.1884,2.19741687391155,2.45785857792674,4.67233251106956,15.039568611257,0.0779087743113631
18286,"2020","01","25",25,2.12053222513885,163.071897472255,2049.22190042314,0.280060735143482,0,632.322204404664,62.5384,2.18465035210801,2.86759536730261,3.94473197379068,15.0330449122228,0.0766537604846818
18287,"2020","01","26",26,2.19770686546696,152.045109335002,1910.6551940044,0.110230352236688,0.73,688.562228711178,62.2884,2.11892042896505,3.60743138547377,3.60743138547377,15.0271040644315,0.0766723447213897
18288,"2020","01","27",27,2.10476344673731,154.264878982766,1938.5496420767,0.270323099079314,0.0499999999999972,871.186050938472,62.2384,2.21939387637133,3.88298091467914,4.23627772881878,15.0217478282845,0.0766760793943113
18289,"2020","01","28",28,1.78232897631489,155.644555883686,1955.88717334174,0.360124805244666,0,971.574114226739,62.5884,2.16764930476069,4.21801264114839,4.51353273215773,15.0169777909501,0.0766500613637374
18290,"2020","01","29",29,1.39308478727531,156.884431078442,1971.46790455459,0.389516619101572,0.25,2540.91787731692,62.3384,2.07714282926986,4.44706821002967,4.70589621844061,15.0127953658934,0.0766686160092955
18291,"2020","01","30",30,1.60871811467803,158.34491445934,1989.82087999507,0.201481486073401,0.25,2076.82288011157,62.0884,1.97731887401574,4.40548582949259,4.86706764104014,15.0092017924572,0.0766873193213211
18292,"2020","01","31",31,1.64620216937487,159.993432973267,2010.5367746057,0.166746534857973,0,1259.2779149265,62.4384,1.87263208555044,4.59450695500436,5.01034171894321,15.0061981354948,0.0766611764105962
18293,"2020","02","01",32,2.0035860400987,161.426686438409,2028.54756883299,0.135968646438157,0.25,1549.17499003725,62.1884,1.76880547000286,4.74507174204024,5.12769603296505,15.0037852850546,0.0766798200423654
18294,"2020","02","02",33,2.21516872974144,163.140717791971,2050.08672206648,0.141865992174939,0,889.277546090896,63.7384,1.70476415670942,4.89361788073143,5.24352521887243,15.0019639561164,0.0765665754930246
18295,"2020","02","03",34,2.60510500553676,164.598851799796,2068.41017441421,0.286045777243786,0.25,1123.79467836507,63.4884,1.63052738871937,4.84139048002794,5.33933290406088,15.000734688379,0.0765844685879793
18296,"2020","02","04",35,2.34608351728059,166.162806022552,2088.06340280126,0.354350518418107,0.634799999999998,1536.98571064832,62.8536,1.5819818489943,4.96573362782408,5.43149945722462,15.0000978461012,0.0766305391269106
18297,"2020","02","05",36,1.80605582827263,168.043255504134,2111.6938279084,0.473481613663682,0.577599999999997,2725.17025886986,62.276,1.57983741346362,5.09600773346006,5.52780664268687,15.000053617993,0.0766732703638849
18298,"2020","02","06",37,1.59376387605829,169.74737389047,2133.10841112184,0.407177114361646,0,769.468582534343,68.226,1.57653255827415,5.20468401705989,5.6111311059542,15.0006020171602,0.0762675879616931
18299,"2020","02","07",38,1.06835714812416,170.940196776108,2148.09786558006,0.684872092449219,0,641.215161857707,80.776,1.16139897715232,5.13503076900406,5.6721410715391,15.0017428811002,0.0756071188982282
18300,"2020","02","08",39,0.336715912420516,171.855324683659,2159.59770202589,0.503779420402345,0.25,3010.32269433662,80.526,1.07410893418785,5.19463651071635,5.7205936702187,15.0034758717505,0.0756182738504624
18301,"2020","02","09",40,0.978362511181103,173.201545263257,2176.51480875779,0.29078001957556,0,2601.54053278481,82.276,0.991733703896671,5.27461084259306,5.78026265435813,15.0058004755885,0.0755416073383122
18302,"2020","02","10",41,1.8764769623499,174.510765243681,2192.96695224753,0.238528987215591,0,1986.12483428066,84.626,0.914153099878547,5.34607372424665,5.83420190443206,15.0087160037839,0.0754436245308518
18303,"2020","02","11",42,2.27186294123442,175.872236256466,2210.07570157489,0.166907444812484,0.25,1131.83366584427,84.376,0.846729198842809,5.41509587427049,5.88659206593849,15.0122215924029,0.0754537897680042
18304,"2020","02","12",43,1.86967122539102,177.555328811653,2231.22606640164,0.59893125008242,0.25,2635.90351071955,84.126,0.813337555814371,5.36108953280626,5.94609079257015,15.0163162026638,0.0754640151963732
18305,"2020","02","13",44,1.28370052592652,178.806397561571,2246.94745997715,0.490820582748494,0,1277.92399436124,85.876,0.764713066304182,5.41622343960285,5.98839924798347,15.0209986212452,0.0753936828817791
18306,"2020","02","14",45,0.329448613304066,179.915576978822,2260.88581961215,0.472159230232647,0.25,3300.68551757683,85.626,0.709033247460127,5.46071581170173,6.02476999827269,15.0262674606455,0.0754035549887597
18307,"2020","02","15",46,1.48447528092407,181.29341774859,2278.20027737262,0.416143717801328,0.25,2440.82289692383,85.376,0.649795876693929,5.51684914058092,6.06758830515651,15.0321211595939,0.0754134846985455
18308,"2020","02","16",47,1.92647621102333,182.727274030788,2296.21864682246,0.804748072242511,0.25,2236.09333730061,85.126,0.57591574705242,5.57233097756216,6.10939061116858,15.038557983513,0.0754234725167717
18309,"2020","02","17",48,1.42930670174297,183.772525958546,2309.35366993203,0.400011890974853,0.582800000000006,3423.72114876369,84.5432,0.523170940231807,5.60460506234955,6.13731606046758,15.0455760250329,0.0754469846237968
18310,"2020","02","18",49,1.9881730532328,185.555314067571,2331.75684603691,0.885016718302084,0,475.902304895762,86.2932,0.532378735736813,5.53519124271111,6.1863403141694,15.0531732045566,0.0753773352238351
18311,"2020","02","19",50,1.41072786055668,186.270297349269,2340.7415909378,0.915704620917868,0.25,3512.45963106672,86.0432,0.478052527956947,5.54596689968992,6.20037695083693,15.0613472708757,0.0753871123133359
18312,"2020","02","20",51,0.648795123040429,187.204592728351,2352.48229293463,0.426768184589978,0.25,3580.09285149466,85.7932,0.439942622681315,5.56665096071094,6.22171566913323,15.070095801838,0.0753969461748214
18313,"2020","02","21",52,1.39704432487366,188.627824543761,2370.36715139722,0.491154640441957,0.25,3482.6617076745,85.5432,0.411797536193319,5.61089205674671,6.25559722263512,15.0794162050649,0.0754068373042126
18314,"2020","02","22",53,2.07994375637941,189.986669903319,2387.44290579303,0.741544544867426,0.25,3361.79653960623,85.2932,0.359050478028166,5.64956137461877,6.28504996979899,15.0893057187199,0.0754167862032231
18315,"2020","02","23",54,2.83733633604544,191.095125358452,2401.37216785173,0.371274587400614,0.655600000000007,3241.57489759236,84.6376,0.303572387245367,5.67358677432696,6.30605082233734,15.0997614123266,0.0754431543162791
18316,"2020","02","24",55,3.0543771991978,192.979450771051,2425.05129934451,0.432359875238818,0.619200000000006,3289.9962665664,84.0184,0.307082264705627,5.73394995449269,6.34845721137117,15.1107801876373,0.0754684348824193
18317,"2020","02","25",56,3.06758278504685,194.766290895812,2447.50539458087,0.50620588941875,0.863600000000005,2000.73855577552,83.1548,-0.267728385736518,5.63510849121894,6.38502009531652,15.1223587795512,0.0755043201150113
18318,"2020","02","26",57,2.51331307217629,196.723685006394,2472.10273441279,0.530166679115246,0,880.271912384921,86.0704,-0.254096136775104,5.69417128583763,6.42513111094252,15.1344937570814,0.0753860458224519
18319,"2020","02","27",58,2.19373989384474,197.793518327278,2485.54665641862,0.665239635489955,0,1114.23727360561,102.6204,-0.244054866609815,5.70839132655146,6.4393348722532,15.1471815243724,0.0748416369069592
18320,"2020","02","28",59,1.27805338178587,198.728278691788,2497.29320159467,0.556564972876106,0,3093.74793191399,102.7704,-0.235081135458927,5.71495545874865,6.45103503166513,15.1604183217648,0.0748375020371419
18321,"2020","02","29",60,1.02090880893724,199.771713718912,2510.40539285751,0.439019978662146,0.25,3765.90183770564,102.5204,-0.227642554028193,5.72627596560716,6.4654376649442,15.1742002269099,0.0748444001882617
18322,"2020","03","01",61,1.38797074796258,201.18269374025,2528.1362907351,0.291406490796371,0,4103.31683138957,104.0704,-0.245275379717611,5.75461550544838,6.48887516451202,15.1885231559317,0.0748021642831961
18323,"2020","03","02",62,2.51441370235904,202.491287249454,2544.5805617553,0.296031895391059,0,1240.27791846363,108.6204,-0.296664123493315,5.60475712837359,6.50792859454191,15.2033828646373,0.0746851240549462
18324,"2020","03","03",63,2.87829371416399,203.795255354063,2560.96670822712,0.337038706548371,0,2738.82895974518,116.5208,-0.336014628823705,5.62607390211292,6.52630505503947,15.2187749497743,0.0745035571228047
18325,"2020","03","04",64,3.08887669507442,205.058216647514,2576.83754791222,0.693564833144783,0.587999999999994,2282.17865134316,115.9328,-0.343949887583335,5.64484526622977,6.54294854913593,15.2346948503356,0.074516220494116
18326,"2020","03","05",65,2.95792379404713,206.552651814369,2595.61717407805,0.397387133422357,0.837599999999995,2025.68314635077,115.0952,-0.334267268340227,5.67386678441125,6.56518809618404,15.2511378489112,0.0745344821610531
18327,"2020","03","06",66,2.47218334253012,208.592864680947,2621.25524509165,0.389034832949328,0,1762.51350168636,118.1824,-0.318495827643176,5.72737433165508,6.6005197157408,15.2680990730857,0.0744684516817218
18328,"2020","03","07",67,2.30476082214921,209.803829847998,2636.47268218189,0.398402961074679,0.25,4452.54245757943,117.9324,-0.306296134822162,5.74205451587432,6.61232509198857,15.2855734968824,0.0744736705015577
18329,"2020","03","08",68,2.99392940570863,211.255426886923,2654.71398855573,0.47350506142985,0.25,3510.931288939,117.6824,-0.294187803329464,5.76686753406847,6.6316880313297,15.3035559422522,0.0744789114354868
18330,"2020","03","09",69,3.24004000443279,212.631921825493,2672.0115341026,0.373712839305199,1.02479999999999,3198.84742382606,116.9176,-0.283590170129457,5.58824252965223,6.64827049924668,15.3220410806087,0.0744950832872712
18331,"2020","03","10",70,3.31189543119859,214.883008986188,2700.29952964911,0.127244941121935,1.42,683.462203748516,115.8876,-0.269803538411679,5.64822738670136,6.68679891946539,15.3410234344062,0.0745171992413263
18332,"2020","03","11",71,3.17021541812011,217.775764045066,2736.65096181554,0.248663904008086,0.660799999999995,3169.8559875508,115.2268,-0.252851800039195,5.73570341257488,6.73854852904361,15.3604973787638,0.074531595437157
18333,"2020","03","12",72,3.13777924300757,219.787900141058,2761.9362097243,0.615285244583904,0.25,4146.93234516282,114.9768,-0.238718110231389,5.78284370411893,6.76584202753781,15.3804571431315,0.0745370849668667
18334,"2020","03","13",73,3.36343563775841,221.022614896474,2777.45209294388,0.639238187549395,1.08,2265.30922143112,114.7268,-0.227662693750119,5.79511008287034,6.77546563936141,15.4008968130002,0.0745425983553832
18335,"2020","03","14",74,2.92513814394698,223.063376708925,2803.09706221476,1.47538740718209,0.879199999999997,4265.32188531513,113.8476,-0.213976741346698,5.84146613870769,6.80655021135829,15.4218103316547,0.0745621796241858
18336,"2020","03","15",75,2.4456538201967,224.067189301743,2815.71134328347,0.517575957865207,0.702399999999997,4925.58202459778,113.1452,-0.569340498870645,5.61602172815719,6.8104303429061,15.4431915019681,0.0745780413254316
18337,"2020","03","16",76,2.55681607349743,225.852013343877,2838.14010367836,0.419499681527099,0.25,4316.09565737603,112.8952,-0.552207596827429,5.65069192984799,6.83536455302277,15.4650339882381,0.0745837343565608
18338,"2020","03","17",77,3.29860096138611,227.28251366235,2856.11630084425,0.434054916905017,0.91,2298.14920869021,112.6452,-0.542798576997882,5.66948507067906,6.84985453586387,15.4873313180646,0.0745894525869243
18339,"2020","03","18",78,3.30857933460641,229.358458745445,2882.20339613348,0.493134056006111,0.707599999999999,3623.79242191892,111.9376,-0.540473705744432,5.71563826112026,6.88020574349235,15.5100768842677,0.0746057755352205
18340,"2020","03","19",79,3.23494787205215,231.172924689439,2905.00464765284,0.613493835605976,0.711600000000003,1607.92892227348,111.256,-0.530002730745082,5.75014042273369,6.90246742160889,15.5332639468452,0.0746216944874663
18341,"2020","03","20",80,3.52980647195432,232.871030853833,2926.34367905714,0,1.2128,1426.9717001374,110.4132,-0.516721763785654,5.77935680464032,6.92215067132616,15.5568856349699,0.074641649296838
18342,"2020","03","21",81,2.94771651106788,235.683830853833,2961.69036632121,0.59202723878891,0.556799999999996,4964.8073145086,109.8564,-0.499248941507744,5.59312628621666,6.96778495871439,15.580934949026,0.0746550000181535
18343,"2020","03","22",82,2.86050822594342,237.248603615044,2981.35388076584,0.361331070849138,0.25,5398.45605505162,109.6064,-0.487431830569903,5.61609716678635,6.98136281556509,15.6054047626826,0.0746610384128324
18344,"2020","03","23",83,3.01917129012378,238.737272544195,3000.06104625163,0.320056920586601,0,1707.5520417376,114.1564,-0.476358099695688,5.63560162165584,6.99572254530653,15.6302878250059,0.0745552678568309
18345,"2020","03","24",84,3.47646017201095,240.017215623609,3016.14528535282,0.187312718884013,0.25,3556.64065302661,113.9064,-0.467936349597835,5.64608714469495,7.00563141526624,15.6555767626074,0.0745608606428206
18346,"2020","03","25",85,3.58811890076862,241.679902904725,3037.03922994311,0.272328917457692,0.749200000000002,2445.69981058,113.1572,-0.460999690194569,5.67217722598576,7.02478982843542,15.6812640818292,0.0745777686908886
18347,"2020","03","26",86,3.66065728347905,243.756773987267,3063.13796168458,0,1.0516,1275.38770970672,112.4756,-0.449490294765155,5.71496014266631,7.05230353113097,15.7073421709642,0.0745933462658303
18348,"2020","03","27",87,3.66077244911446,246.408373987267,3096.45895000562,0.650733098247492,0.915599999999998,5550.605138194,111.56,-0.435909954857777,5.78058290888293,7.09125644879055,15.7338033025118,0.0746145705214382
18349,"2020","03","28",88,3.67811657671666,248.273240889019,3119.89355863949,0.559536116581487,0.759600000000006,2433.26108636726,110.8004,-0.425406797564563,5.81389683155186,7.11063532916063,15.7606396354676,0.0746324440492604
18350,"2020","03","29",89,3.76641045017294,250.073304772438,3142.51382852805,0.312420678240158,2.49439999999999,356.893507921217,110.176,-0.415189516600947,5.53901160746364,7.13006349200981,15.787843217647,0.0746473203295828
18351,"2020","03","30",90,3.84658836969214,253.855284094198,3190.03958234113,0,1.7096,1358.11163597795,109.1564,-0.398021164444401,5.64932055996013,7.19292548048702,15.8154059880415,0.074671977024178
18352,"2020","03","31",91,3.84199527739395,257.164884094198,3231.62924252641,0.770045383022072,0.976400000000006,4264.9972914804,108.22,-0.382910953092903,5.73880482050544,7.24239157899035,15.8433197792074,0.074695029815212
18353,"2020","04","01",92,3.60179745106092,226.787375937329,2849.89421668647,0.556240749345916,0.801199999999994,4502.34124676749,107.4188,3.82034936896457,3.84200328053993,5.11091349205225,15.8715763196859,0.0747150723077209
18354,"2020","04","02",93,3.4440578649951,196.487077047812,2469.12943111495,0.587343016571204,0.738799999999998,4628.00504833863,106.68,3.58392072245709,3.60471786819932,4.59726942288739,15.9001672364543,0.0747338198349085
18355,"2020","04","03",94,3.78945172460897,198.038534031241,2488.62561456095,0,0.951199999999994,1362.61212566581,105.8788,3.49762107053272,3.74663216714714,4.96466010247491,15.9290840574068,0.0747544456372299
18356,"2020","04","04",95,3.85990142441699,200.389734031241,2518.17166514943,0.0586033801975231,1.0664,4705.3721122531,104.8124,3.59215986525231,3.97765913757536,5.14777178931951,15.9583182138654,0.0747823863571507
18357,"2020","04","05",96,3.86304566688523,202.797530651043,2548.42892983787,0.102433691251426,1.0736,1609.2543062124,103.8188,3.74737407217032,4.12872124377571,5.286327370604,15.9878610431186,0.0748089346419036
18358,"2020","04","06",97,3.84747035488363,205.168696959792,2578.22588446189,0.583976508652488,0.863600000000005,5798.32939251845,102.9552,3.7782648222252,4.32969993764846,5.40233815991206,16.0177037909884,0.0748324243926624
18359,"2020","04","07",98,3.84630447932705,206.848320451139,2599.33265574675,0.711008313047066,0.728399999999993,5361.56994847691,102.2268,3.62880208095396,4.48090803334333,5.48374294121516,16.0478376144246,0.0748525443233017
18360,"2020","04","08",99,3.8488674638615,208.265712138092,2617.14412499071,0.582598559491399,0.822000000000003,2099.1941872683,101.4048,3.43393045608036,4.60801142461094,5.55104088201671,16.0782535841251,0.0748755957530476
18361,"2020","04","09",100,4.00077079165396,209.905113578601,2637.74545107785,0.228411237881764,2.06000000000001,1649.50747307336,100.5048,3.28051622423129,4.73885780718649,5.62105497796654,16.1089426871815,0.0749012656219004
18362,"2020","04","10",101,3.99125678799868,213.136702340719,2678.35479313583,0.704593056037453,0.980399999999996,2256.23267393128,99.5944,3.28556811794971,4.86032701017712,5.73574161457356,16.1398958297502,0.0749277026431894
18363,"2020","04","11",102,3.9638679397051,214.812509284681,2699.41360427178,1.14616208749941,0.858400000000003,5794.95398507315,98.736,3.21133261090489,4.97618203854358,5.79410440406065,16.1711038397472,0.0749530747734506
18364,"2020","04","12",103,4.05160342982936,215.924747197182,2713.3903980916,0.350021410204692,0.769999999999996,2260.90252151898,97.966,3.07591668336181,5.05694393306726,5.83666806065401,16.2025574695655,0.0749762111166734
18365,"2020","04","13",104,4.39514460375784,217.744725786977,2736.26092356117,0,2.7344,573.336414162697,97.2116,2.99749551256969,5.16860412151766,5.90039244560853,16.2342473988158,0.0749992330313309
18366,"2020","04","14",105,4.25674804723303,221.879125786977,2788.21532622918,1.43235126963977,1.0988,3958.05447018716,96.2128,3.27285512610365,5.3889219255459,6.02793986420807,16.2661642370881,0.0750302668655727
18367,"2020","04","15",106,4.0883010883482,222.945574517338,2801.61671621609,0.77069090852982,0.832400000000007,5206.16362252002,95.3804,3.34878861857453,5.45125317812284,6.05665674176305,16.2982985267344,0.0750566253829853
18368,"2020","04","16",107,4.13102005006317,224.407283608808,2819.98509438989,0.963543687194086,0.645200000000003,5466.93740187654,94.7352,2.83830487061988,5.44644621420468,6.10336223235191,16.3306407456712,0.0750773736880644
18369,"2020","04","17",108,4.19008284456737,225.488939921614,2833.57758849397,0.799411129527459,0.593199999999996,5277.28449049243,94.142,2.64680393196835,5.50037683613982,6.13762425889036,16.363181310201,0.0750966998810043
18370,"2020","04","18",109,4.20428084915187,226.682728792086,2848.57918187562,0.642711036574296,0.749200000000002,5863.73742586508,93.3928,2.49772591521003,5.5563446796549,6.17525070521907,16.3959105778523,0.075121458146583
18371,"2020","04","19",110,4.23282451216056,228.189217755512,2867.51028051647,0.640272982567438,1.26439999999999,1537.66260956218,92.7684,2.39196172459026,5.6242410988375,6.22054163621749,16.4288188502367,0.075142396727243
18372,"2020","04","20",111,4.03930420265419,230.213344772945,2892.94621078807,0.710887594955751,0.769999999999996,6736.06539876256,91.9984,2.3364892246305,5.7135751566621,6.27826045699265,16.4618963759229,0.0751686078757626
18373,"2020","04","21",112,4.22817934996834,231.672457177989,2911.28195803786,1.37260138066002,1.05280000000001,2149.36060636636,91.4156,2.2608646944642,5.77380334215161,6.31738304228168,16.4951333533261,0.0751887392239029
18374,"2020","04","22",113,3.68559681224076,232.752655797329,2924.85613422561,1.71764902938278,0.224399999999989,6015.30372602433,91.1912,2.16749413101621,5.81428710110083,6.34651234364185,16.5285199336126,0.0751965589292115
18375,"2020","04","23",114,3.89075537767485,232.659406767946,2923.68433236295,0.987013998169526,0.551599999999993,6942.49442873405,90.6396,2.00602165839325,5.79877952054289,6.34379935394122,16.5620462236182,0.0752159446230435
18376,"2020","04","24",115,3.50325773856343,189.934142560821,2386.7828277398,0.994978824706447,0.536000000000001,3073.56877444777,90.1036,3.88302281878475,3.90299515057154,4.8819224136825,16.5957022887796,0.075235008648644
18377,"2020","04","25",116,3.18733744509126,146.821748700622,1845.01650842032,0.589632941341472,0.671199999999999,6540.90337661679,89.4324,3.49798110957772,4.39179728061032,4.39179728061032,16.6294781560782,0.0752592024744951
18378,"2020","04","26",117,3.06575900217695,104.790446607152,1316.83558890969,1.18425792928587,0.691999999999993,2397.78269882145,88.7404,3.18653934296776,4.05919055887904,4.05919055887904,16.6633638169957,0.0752845278679836
18379,"2020","04","27",118,3.06856430246859,61.6114945377945,774.232874466491,0.819446627226692,1.0664,4572.91042855131,87.674,3.33365679774374,3.84743541058003,3.84743541058003,16.6973492304794,0.0753243352593274
18380,"2020","04","28",119,3.31556614006968,19.9109650725549,250.208566391286,0.259997347209018,0.9572,6105.10809628637,86.7168,3.52742637985131,3.52742637985131,3.52742637985131,16.7314243259179,0.0753608971412814
18381,"2020","04","29",120,5.20362817875355,21.8381677253459,274.426509175233,0.445093977583076,0.822000000000003,3395.11070762401,85.8948,4.12522660105935,4.12522660105935,4.12522660105935,16.7655790061249,0.0753929428140587
18382,"2020","04","30",121,8.90530471415127,23.4450737477628,294.61948579537,0,3.13280000000001,900.427855525018,84.922,4.68466088858452,4.68466088858452,4.68466088858452,16.7998031503317,0.0754316659862126
18383,"2020","05","01",122,7.02823655806509,27.8078737477628,349.444047511696,0.572413218028816,1.59279999999999,3017.11487493997,83.5592,6.65581970528217,6.65581970528217,6.65581970528217,16.8340866171856,0.075487424053108
18384,"2020","05","02",123,8.35445764663854,30.058260529734,377.723241839601,0.135055079013626,1.1496,5136.61749815911,82.5396,7.18760538731624,7.18760538731624,7.18760538731624,16.8684192477555,0.0755303398234018
18385,"2020","05","03",124,9.43834069046198,32.3028054507203,405.929025177294,0,1.0548,5369.91166692924,81.5148,7.39568131696188,7.39568131696188,7.39568131696188,16.9027908685421,0.0755745521202493
18386,"2020","05","04",125,3.92905617938152,34.5876054507203,434.640668756981,2.31444619999269,1.1964,3192.76967461337,80.3184,7.85645902051903,7.85645902051903,7.85645902051903,16.9371912944923,0.0756275894912295
18387,"2020","05","05",126,3.84676557991014,34.6995592507277,436.047521699559,0.847071431823622,0.889600000000002,6610.42064752118,79.4288,7.62220273104276,7.62220273104276,7.62220273104276,16.9716103320174,0.0756680577849117
18388,"2020","05","06",127,3.54362312098914,35.972087818904,452.038587304623,0.489813321839056,0.790800000000004,5814.7379815352,78.638,6.99266860935433,6.99266860935433,6.99266860935433,17.0060377820138,0.0757047972723082
18389,"2020","05","07",128,3.83351440058226,37.503074497065,471.27753330804,0.585659372458805,0.988399999999999,5321.00620444539,77.6496,6.46757979291476,6.46757979291476,6.46757979291476,17.0404634428852,0.0757517648990312
18390,"2020","05","08",129,3.31587527412057,39.1358151246062,491.795157150844,0.802450188177116,0.915599999999998,3755.23420143511,76.734,6.14084986385234,6.14084986385234,6.14084986385234,17.0748771135651,0.0757963483073153
18391,"2020","05","09",130,2.71266448645019,40.4789649364291,508.673675476817,1.30277006652829,0.816800000000001,4851.64678925825,75.9172,5.93115435898801,5.93115435898801,5.93115435898801,17.1092685965403,0.0758370246771715
18392,"2020","05","10",131,2.92838233370668,41.2229948699008,518.023431369,0.435167897257644,0.702399999999997,6394.00498233113,75.2148,5.65197891895747,5.65197891895747,5.65197891895747,17.1436277008722,0.0758727075334306
18393,"2020","05","11",132,2.85883973319278,42.7202269726431,536.838204867777,0.560323908952393,0.837599999999995,5533.93977465823,74.3772,5.50528353967684,5.50528353967684,5.50528353967684,17.1779442452165,0.0759161360459698
18394,"2020","05","12",133,2.7997944221608,44.2275030636907,555.779194846043,0.724358707706626,0.910399999999996,5824.79228235587,73.4668,5.39076189002105,5.39076189002105,5.39076189002105,17.2122080608406,0.0759644574557481
18395,"2020","05","13",134,2.71110604344619,45.6435443559841,573.573694530238,0.698911405543978,0.634799999999998,7011.31179803137,72.832,5.29464412919214,5.29464412919214,5.29464412919214,17.2464089946365,0.0759988625675351
18396,"2020","05","14",135,3.1988565157406,46.8094329504401,588.224682703227,0.218702179744971,0.769200000000002,5678.54431614964,72.0828,5.18905987876082,5.18905987876082,5.18905987876082,17.2805369121293,0.0760402442056411
18397,"2020","05","15",136,6.34491288626913,48.5899307706951,610.59907819061,0,3.30519999999999,1597.28764511322,71.1776,5.19831075997075,5.19831075997075,5.19831075997075,17.3145817004806,0.0760913994136473
18398,"2020","05","16",137,7.27330554768236,53.1251307706951,667.590082200852,0,1.3524,4005.202028192,69.8252,5.69329467786872,5.67374155875717,5.67374155875717,17.3485332714848,0.0761702870243113
18399,"2020","05","17",138,7.67445943699255,55.7075307706951,700.041477675373,0.142233401633072,1.3004,5717.21861433556,68.5248,6.17014421626402,6.05477920116306,6.05477920116306,17.3823815645587,0.0762490644973852
18400,"2020","05","18",139,6.97226312466876,58.0956973690621,730.052064239285,1.17331271354332,1.2692,6837.77953378637,67.2556,6.74136192950402,6.47730183102749,6.47730183102749,17.4161165497226,0.0763288757865824
18401,"2020","05","19",140,7.03061484487949,59.4215846555188,746.713655273767,1.03034934308411,1.4252,5863.37925750313,65.8304,7.11039491864011,6.76190325780254,6.76190325780254,17.4497282305722,0.0764221475048983
18402,"2020","05","20",141,7.28220893390511,61.0464353124347,767.132130821557,0.373645270202409,1.264,7151.65360591718,64.5664,7.327403957314,7.00553537573387,7.00553537573387,17.4832066472412,0.0765082981923997
18403,"2020","05","21",142,7.76432995237923,63.1667900422322,793.777294190103,0.484041749468927,1.1548,7207.59246202882,63.4116,7.58453152744084,7.21874563944164,7.21874563944164,17.5165418793521,0.076589993534902
18404,"2020","05","22",143,8.42813533982724,65.0675482927633,817.662926814578,0.361723552054745,1.2952,7266.73911865772,62.1164,7.7762706418431,7.36846327304761,7.36846327304761,17.5497240489563,0.0766852171015959
18405,"2020","05","23",144,7.7971394893105,67.2310247407086,844.849973674895,1.40696444945132,1.2796,7074.82815476858,60.8368,7.99622282772822,7.53477708327091,7.53477708327091,17.5827433234608,0.0767832548403976
18406,"2020","05","24",145,9.92803420610414,68.3336602912573,858.706100655658,0,1.5032,6197.65962731805,59.3336,8.17988322676439,7.6252283218534,7.6252283218534,17.6155899185419,0.076903796891136
18407,"2020","05","25",146,11.6341801089193,71.0668602912573,893.052504818824,0,1.4972,1753.89108416631,57.9864,8.57981494037114,7.85019657539721,7.85019657539721,17.6482541010447,0.0770171110226819
18408,"2020","05","26",147,14.9557042049277,73.7940602912573,927.323510758304,0,1.7164,5268.81160528579,56.27,9.08360100465103,8.06462507632563,8.06462507632563,17.6807261918668,0.0771692951513823
18409,"2020","05","27",148,15.4086760453349,76.7404602912573,964.349065136452,0,1.5864,6754.72467939292,54.6836,10.0712852615856,8.33807394659493,8.33807394659493,17.712996568827,0.0773183996741746
18410,"2020","05","28",149,13.6100445792901,79.5568602912573,999.740991334733,0,1.8456,3915.81384790949,52.858,11.4135857083335,8.65478491856129,8.65478491856129,17.7450556695161,0.0775009967427199
18411,"2020","05","29",150,13.5836731229018,82.6324602912573,1038.39012079626,0,2.6668,3676.58574631375,51.0012,12.3117125162357,9.02799619034221,9.02799619034221,17.7768939941307,0.0777000413123289
18412,"2020","05","30",151,11.7150894032092,86.5292602912573,1087.35875380629,1.61402053766693,2.1748,4538.91353498299,49.4564,13.4692718418632,9.44540044627405,9.44540044627405,17.8085021082882,0.0778769579438876
18413,"2020","05","31",152,10.1805581846726,88.3200397535903,1109.86235221855,1.68360437776865,1.0872,5847.12408410717,48.3692,14.0512186197614,9.72682954675929,9.72682954675929,17.839870645822,0.0780081997518711
18414,"2020","06","01",153,10.0065320491317,88.9536353758217,1117.82434962715,0.638193763444657,1.0196,4921.93788750438,47.3496,13.5154342822132,9.9322210414611,9.9322210414611,17.8709903115576,0.0781367214380423
18415,"2020","06","02",154,10.4301083198932,90.565041612377,1138.07387760599,0.0292959040681825,0.990400000000003,2412.14092377421,46.4392,12.7784572927875,10.1316011163112,10.1316011163112,17.9018518840664,0.0782562154577964
18416,"2020","06","03",155,11.1379585856877,92.7561457083088,1165.60810373011,0,1.2796,2047.89691471651,45.1596,12.2137779487581,10.2742293430292,10.2742293430292,17.9324462183983,0.0784322569862869
18417,"2020","06","04",156,12.1329679281064,95.2657457083088,1197.14466742391,0,1.3992,6472.04324785563,43.7604,11.9094124652378,10.3594683758499,10.3594683758499,17.9627642487919,0.0786364519144379
18418,"2020","06","05",157,11.9773172006203,97.8949457083088,1230.18416904318,0,6.578,7098.64667095915,42.3924,11.9889309610424,10.4084161295322,10.4084161295322,17.9927969913605,0.078849029212599
18419,"2020","06","06",158,12.831414342937,105.702945708309,1328.3023908001,0,1.5216,5925.33410721383,40.9308,12.6498620532972,10.6338716704455,10.6338716704455,18.0225355467541,0.0790917325316394
18420,"2020","06","07",159,11.2542033130675,108.454545708309,1362.88001618257,1.34421932721302,1.55,7564.82528227465,39.3808,13.2409841385734,10.6416382154431,10.6416382154431,18.0519711027972,0.0793686416767431
18421,"2020","06","08",160,11.0584028904601,109.890326381096,1380.92256823774,0.692484553217227,1.3732,7070.12691876181,38.0076,13.3430502282542,10.6298473195695,10.6298473195695,18.0810949370991,0.0796326781967914
18422,"2020","06","09",161,12.271378197072,111.801041827879,1404.93332668059,0,1.3704,3934.99835641359,36.7072,13.0409467942198,10.6553094087821,10.6553094087821,18.1098984196392,0.0799007735857209
18423,"2020","06","10",162,13.8006546611498,114.401441827879,1437.61091682617,0,1.6792,4308.53568051331,35.178,12.8456602444277,10.7124997952151,10.7124997952151,18.138373015324,0.0802411729570734
18424,"2020","06","11",163,12.1940960303816,117.310641827879,1474.16900221747,0.441604812138131,1.9616,5933.88227987964,33.5864,13.2042208432006,10.7772463071694,10.7772463071694,18.1665102865162,0.080628076550959
18425,"2020","06","12",164,11.1169413941752,120.06063701574,1508.72646093584,1.97348847765276,1.652,7377.70751945891,31.9844,13.8219648150203,10.830120797333,10.830120797333,18.1943018955352,0.0810560130775612
18426,"2020","06","13",165,10.6418535938195,120.969148538088,1520.14315343307,0.876938274244012,1.2148,5658.9567025944,30.8296,13.692715925181,10.821302040363,10.821302040363,18.2217396071274,0.0813917957411832
18427,"2020","06","14",166,10.4237135100554,122.537010263844,1539.84548495099,0.695692308048509,1.1496,7560.48251553398,29.68,13.1085915887207,10.8443429292639,10.8443429292639,18.2488152909067,0.081751746946178
18428,"2020","06","15",167,10.7632485290025,124.220917955795,1561.00609308843,0.35907422908054,1.1756,8124.76123526771,28.5044,12.4952222978508,10.8740069979431,10.8740069979431,18.2755209237637,0.0821495371205706
18429,"2020","06","16",168,11.4521407900754,126.267443726715,1586.72349439764,0.0708396500934898,1.1704,8083.50632419175,27.334,11.6755080584184,10.9155518899086,10.9155518899086,18.301848592243,0.0825791704642448
18430,"2020","06","17",169,12.228695333342,128.597004076621,1615.99761312308,0,1.316,8256.54404819149,26.018,11.6087117412098,10.9603201545721,10.9603201545721,18.3277904948882,0.0831078638372852
18431,"2020","06","18",170,13.2407193382185,131.143004076621,1647.99159270724,0,1.42,8257.21533298932,24.598,11.8829379418477,11.0030479762884,11.0030479762884,18.3533389445537,0.0837409887128109
18432,"2020","06","19",171,14.2189622899098,133.793004076621,1681.29247483529,0,1.5136,7708.20064989668,23.0844,12.411325122191,11.0399392864566,11.0399392864566,18.3784863706824,0.0845004529991965
18433,"2020","06","20",172,14.4966680987628,136.536604076621,1715.76956925284,0,1.758,7997.87987587546,21.3264,13.1892639273219,11.0725523830599,11.0725523830599,18.4032253215494,0.085515895312731
18434,"2020","06","21",173,15.1157717467459,139.524604076621,1753.31788464855,0,1.7788,8119.57120195939,19.5476,14.7648604032328,11.1076297565983,11.1076297565983,18.4275484664695,0.086726302434702
18435,"2020","06","22",174,15.7494891817063,142.533404076621,1791.12758055303,0,1.8228,5980.62741913101,17.7948,15.6275194712626,11.1406164809054,11.1406164809054,18.45144859797,0.0881516068470458
18436,"2020","06","23",175,15.1633715152727,145.586204076621,1829.49019676455,0,2.4564,6763.81414190447,15.9484,16.505977392944,11.1752425467536,11.1752425467536,18.4749186339261,0.0899852923092058
18437,"2020","06","24",176,13.6447061185647,149.272604076621,1875.81486539732,1.04972588891459,1.8872,4142.59529598037,14.0812,17.2551922988327,11.2289600486895,11.2289600486895,18.4979516196595,0.0923179683809842
18438,"2020","06","25",177,13.6033896476964,151.340078187707,1901.79551131282,0.44782020547789,1.6644,5509.57342418519,12.4168,17.2251472806483,11.240741351428,11.240741351428,18.5205407299997,0.0949740496387056
18439,"2020","06","26",178,14.4054569689765,153.786657982229,1932.54013974838,0,1.6696,5111.17118286676,10.7472,16.9624229048052,11.4436828452124,11.2731039826606,18.5426792713056,0.0984414231993057
18440,"2020","06","27",179,15.0664911453682,156.686257982229,1968.97758798178,0,1.64,4190.36960912278,9.19720000000003,16.5780009749712,11.4992586990533,11.3217769109042,18.5643606834496,0.102749926411841
18441,"2020","06","28",180,14.7458320963375,159.556257982229,2005.04307164499,0,3.0612,7227.53564799321,7.48600000000003,16.7298114621306,11.7398975020287,11.3722125157769,18.5855785417615,0.109494949494949
18442,"2020","06","29",181,15.6045747511836,163.847457982229,2058.96788122533,0,2.3964,8778.16502805941,5.76960000000003,17.1185421878806,11.853641157459,11.4594491692053,18.6063265589319,0.120071522482251
18443,"2020","06","30",182,15.2428726141457,167.473857982229,2104.53856762124,0,1.7164,7523.8049197597,4.05320000000003,17.4298936113296,12.1372420978789,11.5248986160928,18.6265985868754,0.138959435949088
18444,"2020","07","01",183,15.9405991829457,170.420257982229,2141.56412199939,0,1.7892,15145.4641325882,2.26400000000003,17.7094530787692,12.1990374962422,11.5749579540519,18.6463886185529,0.185409429280395
18445,"2020","07","02",184,16.1644809528111,173.439457982229,2179.50450815826,0,1.5372,16050.8352337023,0.776800000000034,18.3329836056445,12.4806801279737,11.6282446541438,18.6656907897506,0.339862271062263
18446,"2020","07","03",185,16.8210636166938,176.206657982229,2214.27816892232,0,0.776800000000034,72696.0494457378,0,18.6620461182199,12.5399158386228,11.6750114861831,18.6844993808188,0.85
18447,"2020","07","04",186,16.0291788529271,178.213457982229,2239.49636147121,1.61031195348172,0,77756.2262791513,0,19.1757062814954,12.8007931559314,11.7053678605783,18.702808818366,0.85
18448,"2020","07","05",187,16.8058964781765,177.833146028747,2234.71722051469,0.227949030832984,0.03,73201.7127045563,0,19.3689735180014,12.7629335968155,11.6869347458093,18.7206136769107,0.85
18449,"2020","07","06",188,16.9547371101453,178.865196997914,2247.68635548615,0.47392552441916,0,83499.5046600079,0,19.3564974393575,12.7812954980238,11.7100641149162,18.7379086804891,0.85
18450,"2020","07","07",189,17.4158362136223,179.621271473495,2257.18746755836,0.397483655404148,0,74681.0132327929,0,19.5774266587017,12.7948686924449,11.7257524189854,18.7546887042183,0.85
18451,"2020","07","08",190,18.2159603983593,180.453787818091,2267.64917648706,0,0,79243.0403112626,0,19.8808964977389,12.8145639831934,11.7452130127603,18.7709487758151,0.85
18452,"2020","07","09",191,18.7825126594969,181.683787818091,2283.10581234272,0,0,57486.9680154099,0,20.499343345251,12.8500786126818,11.7743869119824,18.7866840770694,0.85
18453,"2020","07","10",192,18.9584840998656,182.913787818091,2298.56244819838,0.00879242210203537,0,75227.3856945487,0,21.2800709015578,12.8867743065946,11.8030868199855,18.801889945272,0.85
18454,"2020","07","11",193,18.5785139030493,184.134995395989,2313.90859521931,0,0.56,29486.554958011,0,22.0281579612515,12.9241642233463,11.832054367251,18.8165618745957,0.85
18455,"2020","07","12",194,18.135433486479,185.924995395989,2336.40239861902,0.283324059675749,0.04,45579.1777180415,0,22.5520818469671,13.2316487800126,11.8734869551103,18.8306955174314,0.85
18456,"2020","07","13",195,17.8730906097265,186.911671336313,2348.8013341614,0.540279504641125,0,57809.4321924089,0,22.6324812399888,13.2664680604447,11.8964088494225,18.8442866856757,0.85
18457,"2020","07","14",196,17.9289301904633,187.601391831672,2357.4686175264,0.355063400384331,0,64068.3925173974,0,22.4255981348127,13.2949464887849,11.9162269873545,18.857331351972,0.85
18458,"2020","07","15",197,17.6693625414884,188.476328431287,2368.46339510124,0.980620860257957,0,73445.3671442831,0,22.1992429194217,13.3329313007893,11.9424611950586,18.8698256509042,0.85
18459,"2020","07","16",198,18.1497622101053,188.725707571029,2371.59718579473,0,0,30473.2245446917,0,21.9628259072381,13.3569180251892,11.9569285694976,18.8817658801419,0.85
18460,"2020","07","17",199,18.4983470524684,189.955707571029,2387.05382165039,0,0.25,64831.9228148226,0,21.7659794309257,13.4140750279251,11.9953624378313,18.8931485015375,0.85
18461,"2020","07","18",200,18.8260228055699,191.435707571029,2405.65205015964,0.213277498221379,0,73258.4697797748,0,21.8929908170028,13.480545851227,12.0372237745095,18.9039701421746,0.85
18462,"2020","07","19",201,19.4347017530179,192.452430072808,2418.42856192895,0,1.48,41330.5255012417,0,22.1272963843035,13.53432091632,12.0692939691295,18.9142275953676,0.85
18463,"2020","07","20",202,18.735838567386,195.162430072808,2452.48342629386,0.272036017613109,0,50025.8245001417,0,23.5704978277711,13.941562486697,12.1366771270884,18.9239178216116,0.85
18464,"2020","07","21",203,18.0813257154377,196.120394055195,2464.52155673174,0.965236254422263,0,66635.8088687643,0,23.9325153982894,13.9964052528503,12.1639550261158,18.9330379494835,0.85
18465,"2020","07","22",204,18.357213242994,196.385157800773,2467.84867608392,0,0.27,37537.3765090895,0,23.5986504535901,14.0321746706688,12.1829738407209,18.9415852764926,0.85
18466,"2020","07","23",205,18.2340022901928,197.885157800773,2486.69823200546,0.297798089419444,0,38028.8309832248,0,23.1419571367859,14.0983082391471,12.2297836912879,18.9495572698815,0.85
18467,"2020","07","24",206,18.6145851328479,198.817359711353,2498.41262670123,0.289462742636594,0,71257.3602808764,0,22.8929865573421,14.1499696023014,12.2627169284478,18.9569515673764,0.85
18468,"2020","07","25",207,19.3389767110439,197.900502830229,2486.89106333269,0.412325503926387,0,73184.2537866571,0,18.6009874522244,18.6066612271791,15.9654026894702,18.9637659778874,0.85
18469,"2020","07","26",208,20.2579155912547,196.737920426525,2472.28162197802,0.234165189546984,0,56774.1344666997,0,19.33896649301,19.3326501919868,17.1501807387912,18.9699984821576,0.85
18470,"2020","07","27",209,20.9863460249033,195.93165865158,2462.14983770187,0,0.63,51714.2381274369,0,20.2833272995111,20.2516094413776,18.1102696834686,18.9756472333615,0.85
18471,"2020","07","28",210,20.7189337406826,196.853727255729,2473.73689351347,1.22971417363324,0,71911.8561046246,0,20.9622057126369,20.980458379536,18.8916587369641,18.9807105576522,0.85
18472,"2020","07","29",211,20.4322972330802,194.056367512611,2438.58423423976,0.891754116160189,2.02,56707.6609210545,0,20.6940443918811,20.7137940026523,19.0055130140591,18.9851869546574,0.85
18473,"2020","07","30",212,20.782426508161,195.97492788444,2462.69357491819,0.0250174049392753,0.07,50731.7588587872,0,20.4171832138931,20.4282714158198,18.972846478749,18.9890750979241,0.85
18474,"2020","07","31",213,20.8775904439673,195.72696167871,2459.57753967715,0.612773320711422,0,70448.516670092,0,20.7587074376697,20.7780935687092,19.2594485311217,18.9923738353116,0.85
18475,"2020","08","01",214,21.2745705567142,194.163483641436,2439.93029521335,0.468425526785995,0,70149.2770673289,0,20.8596222310488,20.8732705730679,19.430478347542,18.9950821893327,0.85
18476,"2020","08","02",215,20.8818685711349,192.888701192013,2423.91090650122,0.365686597876383,2.22,12700.1967787067,0,21.2701249291184,21.259338616261,19.7627025524419,18.9971993574437,0.85
18477,"2020","08","03",216,20.6439543421947,196.25939660041,2466.26831423125,0.841735860293583,0.25,64187.6493615959,0,20.8560624172606,20.8785420802313,19.6480872459543,18.998724712282,0.85
18478,"2020","08","04",217,20.0265712672146,194.737993483971,2447.14979881625,0.459508179492489,1.65,9759.03199239265,0,20.6241913114902,20.640791033964,19.5286407082684,18.999657801852,0.85
18479,"2020","08","05",218,19.2570990145184,196.781045729135,2472.82355051347,1.26038328254608,0.14,45906.8665649518,0,19.9888865522827,20.0243959470885,19.1649544528109,18.9999983496592,0.85
18480,"2020","08","06",219,18.9579513328146,194.202347768192,2440.41867623377,0.890886823509511,0,76128.3547066046,0,19.2159067871647,19.2554997184934,18.6422494551252,18.9997462547919,0.85
18481,"2020","08","07",220,19.3011554136702,192.082642725322,2413.78167707194,0.404114716529045,0,75083.4652849547,0,18.9499663675897,18.952316721507,18.3590356460732,18.9989015919513,0.85
18482,"2020","08","08",221,19.9860593157721,190.936481896413,2399.3785953122,0.239533068542408,0,70737.9605497159,0,19.2955386500877,19.2927514733528,18.4990224074706,18.9974646114291,0.85
18483,"2020","08","09",222,19.8699062623265,190.119484363477,2389.11190152231,0.290149193963218,0.08,21472.225011797,0,19.9799153337652,19.9744172815588,18.9325180854955,18.9954357390337,0.85
18484,"2020","08","10",223,20.7826045396625,189.361254579699,2379.58370504852,0,0,45531.5183805555,0,19.8665401579468,19.859952422889,18.955117417777,18.9928155759638,0.85
18485,"2020","08","11",224,21.6751886123295,189.023323183848,2375.33713388603,0,0.09,48151.772347105,0,20.7819379604975,20.7682970409876,19.5377910070723,18.9896048986303,0.85
18486,"2020","08","12",225,21.6869748649015,188.865391787997,2373.35250943412,0.703942374016495,0,69454.2718836404,0,21.6643002610297,21.658315749345,20.217350823168,18.9858046584261,0.85
18487,"2020","08","13",226,21.4006862476286,187.119575644113,2351.41393674554,1.10247207378875,0,70815.2984354892,0,21.6747601717026,21.6718090342342,20.4003472120616,18.9814159814445,0.85
18488,"2020","08","14",227,20.7303871232327,184.576700100685,2319.45922024063,1.48469780632085,0,72167.8625148161,0,21.3815696911734,21.364984287775,20.3156728686324,18.9764401681451,0.85
18489,"2020","08","15",228,20.601903603389,181.269373092192,2277.89812330903,0.983197836163666,0,72056.8289461293,0,20.7102654389535,20.7033191109095,19.9326472905524,18.9708786929688,0.85
18490,"2020","08","16",229,20.9362909543146,178.965046024013,2248.9410953536,0.036093438006678,1.9,41965.8612013764,0,20.589701883277,20.5726153972271,19.8001480399727,18.9647332039008,0.85
18491,"2020","08","17",230,20.6582900249755,182.354927752149,2291.53960548819,0.632348511015008,0.8,58231.2238794024,0,20.9240600821982,20.902857186771,19.9838217174856,18.958005521982,0.85
18492,"2020","08","18",231,19.7232390508019,182.352299334268,2291.50657581497,1.265614723544,0,61561.0044618182,0,20.636857363019,20.6309928345062,19.8572134412828,18.9506976407698,0.85
18493,"2020","08","19",232,18.6891779717371,179.483138491329,2255.45163731039,1.49187883579827,0,58614.9825997275,0,19.6923112676504,19.7088947105887,19.2787197375704,18.9428117257471,0.85
18494,"2020","08","20",233,18.2471618584492,176.161449423881,2213.71006142318,0.531914917881439,0.16,23022.0712597845,0,18.6655971892845,18.6812068073616,18.540396997949,18.9343501136809,0.85
18495,"2020","08","21",234,18.4943015770438,175.079688192267,2200.11624887047,0.284453912500541,0.02,35416.9130865932,0,18.2363564549502,18.2376413255766,18.102101012008,18.9253153119292,0.85
18496,"2020","08","22",235,19.2237889915959,174.212848971415,2189.22322595818,0.289240094998953,0,67006.5324598658,0,18.4867617528261,18.4604447014169,18.1207762064142,18.9157099976989,0.85
18497,"2020","08","23",236,20.1258178955009,173.296437385566,2177.70725833511,0,0.82,52255.7455934504,0,19.2261347875673,19.1561578806715,18.5256409328795,18.9055370172519,0.85
18498,"2020","08","24",237,20.651395639282,174.598505989715,2194.06953498017,0,1.64,55598.4372466252,0,20.1253514736254,20.0310357389665,19.1357400799718,18.8947993850618,0.85
18499,"2020","08","25",238,19.3100198016023,177.540574593864,2231.04065943277,2.17241492872065,0,50178.3943167758,0,20.6165190163557,20.5553168035303,19.5902539574133,18.8835002829208,0.85
18500,"2020","08","26",239,17.7778248948761,172.857813340571,2172.19534602534,1.94907224526884,0,64791.4050991654,0,19.2638885759814,19.2761728024528,18.9038118821319,18.8716430589967,0.85
18501,"2020","08","27",240,16.9483352433137,168.621737454183,2118.96324648643,0.684534989565716,0.47,15813.0819755908,0,17.7678389101513,17.8089912866534,17.8749949192032,18.8592312268408,0.85
18502,"2020","08","28",241,17.2541430443403,167.8547360792,2109.32482294668,0.4342256591796,0,53965.1471416986,0,16.941220275203,16.9985021574514,17.1512428507341,18.8462684643469,0.85
18503,"2020","08","29",242,16.7855454592387,166.64835336499,2094.16497065715,0.484192992931339,3.26,7280.27240575328,0,17.2500624113152,17.2314031427799,17.1337679458252,18.8327586126614,0.85
18504,"2020","08","30",243,16.2062034516491,171.862035983276,2159.68203870418,1.26314202272298,0,54960.8501245285,0,16.7568340428301,16.7896415598165,16.797668913066,18.8187056750447,0.85
18505,"2020","08","31",244,16.7068787395363,172.688207860553,2170.0640207052,0.52908600123847,0,61602.0233423119,0,16.5530136082788,16.7874895866075,16.6892709256121,18.8041138156856,0.85
18506,"2020","09","01",245,17.299168301112,174.248435759315,2189.6704227239,0.094531198608676,0,30819.5148248374,0,16.4079632570952,16.7655727057105,16.5956236322267,18.788987358467,0.85
18507,"2020","09","02",246,17.3367951744589,176.243218460706,2214.7376014447,0.116657784184122,0.98,15652.5435376968,0,16.5870518488493,16.7372732798475,16.5146888565764,18.7733307856845,0.85
18508,"2020","09","03",247,17.271818183353,179.195874576522,2251.8417724928,0.360902039541196,0.12,55805.0339546465,0,16.9716449928447,16.7569434790349,16.4481427047158,18.7571487367186,0.85
18509,"2020","09","04",248,16.5791954120122,181.044286436981,2275.0696009793,1.11851519347846,0.02,51583.3489154544,0,17.2903948590796,16.7286193960499,16.3788580770081,18.7404460066597,0.85
18510,"2020","09","05",249,16.6483696995203,182.035085143502,2287.52034472968,0.545265595162309,0.09,50876.2728017923,0,17.2982232568484,16.6890075271097,16.3094774625606,18.7232275448871,0.85
18511,"2020","09","06",250,16.551099924491,183.66913344834,2308.05440133003,0.751747090074744,0,53515.8808735283,0,17.0963821736057,16.6566635684769,16.2504777922691,18.7054984536026,0.85
18512,"2020","09","07",251,16.6773501748542,185.006700258265,2324.86276158502,0.589291789955644,0.45,19745.0894414835,0,16.8901335494797,16.621333709644,16.1927200892528,18.6872639863187,0.85
18513,"2020","09","08",252,16.4022145890785,186.95672236831,2349.36746212603,0.478280369782836,0.05,17418.7427760352,0,16.738412013342,16.6599687783284,16.1433410609883,18.6685295463015,0.85
18514,"2020","09","09",253,16.0268576621049,188.617755898527,2370.24062506962,0.616998245303513,0.3,10644.1766963619,0,16.6492719915186,16.63507895559,16.0942077336736,18.6493006849699,0.85
18515,"2020","09","10",254,15.5696715068625,190.390071553223,2392.51220043216,0.639530155056312,0,11119.527865638,0,16.4415394171897,16.6121105387339,16.0489681476374,18.6295831002505,0.85
18516,"2020","09","11",255,15.402482843187,191.839855298167,2410.7307202818,0.927171893815544,0,53919.8501541151,0,16.1165543792901,16.5862879751941,16.0037656206472,18.6093826348892,0.85
18517,"2020","09","12",256,16.0269170402461,193.001997304351,2425.33462743803,0.594296218141833,0,56310.8103338545,0,15.6843724656954,16.5578407798046,15.9591641395223,18.5887052747199,0.85
18518,"2020","09","13",257,15.8002984983133,194.497014986209,2444.12157370328,0.299473529468227,0.71,13207.1632005762,0,14.8598797733554,16.6124262872773,15.9197208569425,18.5675571468906,0.85
18519,"2020","09","14",258,14.6675798158694,196.996855356741,2475.53549427612,1.98380814612802,0,45414.9491503172,0,15.0552718964196,16.6009902890141,15.8894167883466,18.5459445180481,0.85
18520,"2020","09","15",259,14.9155225469401,197.102361110613,2476.86131868122,0.707031465125943,0,30836.7409972261,0,14.6434414300438,16.5645789059217,15.8412607737396,18.5238737924806,0.85
18521,"2020","09","16",260,14.9670738638463,198.484643545487,2494.23159205157,1.02354642693948,0,45431.8044567445,0,13.9037937102948,16.5395726673428,15.8072361884349,18.5013515102206,0.85
18522,"2020","09","17",261,14.2413131942139,199.550411018548,2507.62442110677,1.51624295684144,0,54052.8157712967,0,13.6644032630167,16.5103931224802,15.7709998082231,18.4783843451062,0.85
18523,"2020","09","18",262,13.8326716297391,200.123481961706,2514.82584296683,1.66313367150383,0,47114.5660687485,0,13.3562583317263,16.4749056425442,15.7324350147432,18.4549791028042,0.85
18524,"2020","09","19",263,13.7318705621788,200.549662190203,2520.18138166662,0.944437852820088,0,56191.4367748843,0,12.6998724928828,16.4364564888978,15.6944508924748,18.4311427187931,0.85
18525,"2020","09","20",264,13.6919997437429,201.694538237382,2534.56831838299,0.858965034200687,0,55491.2930140406,0,12.0663740916409,16.4039222610226,15.6631543497143,18.4068822563077,0.85
18526,"2020","09","21",265,13.8351025740375,202.924887103182,2550.02933821558,0.716568280878927,0,52668.4956384099,0,11.6541265004234,16.4427284589482,15.6322302028913,18.3822049042469,0.85
18527,"2020","09","22",266,14.25219171088,204.297632722303,2567.27976842469,0.568007925021128,0.06,45736.6754784919,0,11.4342981409638,16.406866141507,15.602496577253,18.3571179750425,0.85
18528,"2020","09","23",267,14.8324589808062,205.878938697282,2587.15104536097,0.507437244833914,0,48400.1665378034,0,11.4335137507807,16.3709131293653,15.5742815101065,18.331628902493,0.85
18529,"2020","09","24",268,14.804904619751,207.460815352448,2607.02949367599,0.166592206057233,0.19,14711.8825960522,0,11.8257174163574,16.3327333182053,15.5457834793577,18.3057452395609,0.85
18530,"2020","09","25",269,14.4229060335364,209.573537046391,2633.57873748708,0.92619987178575,0,34814.2029994858,0,12.4130180662583,16.2974635502824,15.5211225720519,18.279474656134,0.85
18531,"2020","09","26",270,15.5644959889684,210.736651074605,2648.19485943238,0.261518373630266,0,38665.0305609937,0,12.6883998969196,16.2509095720179,15.4884684374737,18.2528249367531,0.85
18532,"2020","09","27",271,15.8687571086199,212.564446600974,2671.16361542401,0,0,31019.2739320714,0,12.9338029204974,16.2341183045487,15.4617132213513,18.2258039783053,0.85
18533,"2020","09","28",272,16.2285806706768,214.653760500974,2697.41870822114,0,0,34173.4174248317,0,13.6535981485688,16.1878531001575,15.4359606451056,18.1984197876837,0.85
18534,"2020","09","29",273,15.7876806933923,216.743074400974,2723.67380101827,0.259053976438053,0.95,19906.134457452,0,14.4608073947727,16.1420055840788,15.4094340173575,18.170680479415,0.85
18535,"2020","09","30",274,15.1598862786922,219.523334324536,2758.611577622,0.851597294722385,1.28,20186.7517066072,0,15.0607198658579,16.1041309822239,15.3874742778116,18.1425942732549,0.85
18536,"2020","10","01",275,14.9958283926227,222.041050929814,2790.25013758584,0.590518215095124,0,34783.7385184361,0,15.1789866901137,16.066026246407,15.3623139316999,18.1141694917525,0.85
18537,"2020","10","02",276,14.2884408029806,223.539846614719,2809.08455963756,0.916020594438323,0.72,14998.3676417432,0,14.8249896917831,15.9971658568837,15.3297961276235,18.0854145577839,0.85
18538,"2020","10","03",277,14.0763156673387,225.433139920281,2832.87638499693,0.686987379878604,0,25181.3082024825,0,14.0686840199958,15.9588869835399,15.3013679194299,18.0563379920566,0.85
18539,"2020","10","04",278,14.2384972487737,226.835466440402,2850.49853977112,0.487982930565881,0.28,22424.8813602212,0,13.1916719984016,15.9206250569692,15.2693355296908,18.0269484105847,0.85
18540,"2020","10","05",279,13.9943130435207,228.716797409836,2874.14004198131,0.650649795249571,0.28,18633.4905656787,0,12.649419859809,15.8913584484206,15.2415370458106,17.9972545221353,0.85
18541,"2020","10","06",280,14.0293992351531,230.435461514587,2895.73741208319,0.970506810800833,0,20786.394359149,0,12.3565215657343,15.8645904362272,15.2124425071643,17.9672651256485,0.85
18542,"2020","10","07",281,13.6097848899861,231.554268603786,2909.79675661204,1.60427271839474,0.6,17679.2223444433,0,12.0310691492686,15.8352476807526,15.1797079902474,17.9369891076297,0.85
18543,"2020","10","08",282,13.0239253860695,232.639309785391,2923.43178623194,2.19433722671787,0,37913.1280803855,0,11.7330648107089,15.8073525678227,15.148047686157,17.9064354395165,0.85
18544,"2020","10","09",283,13.1734609460885,232.534286458673,2922.11202418525,1.10039965659218,0,33519.8737500282,0,11.0717932164541,15.7691173912803,15.108930667918,17.87561317502,0.85
18545,"2020","10","10",284,13.3825730801195,233.523200702081,2934.53908707373,1.30431531304544,0.05,29655.7816403507,0,10.3540670998526,15.7404983965505,15.079733380361,17.8445314474425,0.85
18546,"2020","10","11",285,12.7944593927464,234.358199289035,2945.03198877987,1.40869477122265,0,43775.0362660261,0,10.2007057137454,15.7097399961886,15.0492137743902,17.8131994669706,0.85
18547,"2020","10","12",286,12.8197680132564,235.038818417813,2953.58490099931,1.64865569489228,0,24247.2097739482,0,10.1065165295041,15.6763755166629,15.0183728409967,17.7816265179464,0.85
18548,"2020","10","13",287,13.0638107280936,235.479476622921,2959.12237531895,0.406086164992732,1.26,8337.6945709451,0,9.72105477124092,15.607603630864,14.9867173443893,17.749821956116,0.85
18549,"2020","10","14",288,13.2577510911914,238.422704357928,2996.10806583951,0.763603540127862,0,39992.8320681803,0,9.69680445252789,15.5883781299253,14.9732703360831,17.7177952058575,0.85
18550,"2020","10","15",289,13.2926075686118,239.7484147178,3012.76743354896,0.548023022084517,1.42,7260.04573187325,0,9.78762048236445,15.5521926819908,14.9461884021824,17.6855557573883,0.85
18551,"2020","10","16",290,12.6546514801657,242.709705595715,3049.98011221777,0.896401992357997,0.62,11832.5128323391,0,10.064334612266,15.528512094069,14.9317908474957,17.6531131639526,0.85
18552,"2020","10","17",291,12.0153484004585,207.780844639387,2611.05110030313,0.85965179939594,0,35056.7135808431,0,12.624573147489,12.6550782135242,13.4298895734656,17.6204770389912,0.85
18553,"2020","10","18",292,11.1598752516521,171.685484068983,2157.4634219165,1.27428249763958,0,8141.96883363235,0,11.9818520621306,12.092986763903,12.7636422944237,17.587657053292,0.85
18554,"2020","10","19",293,11.0084814194875,134.760862102092,1693.45493748544,0.317340600088313,1.07,5745.77020047282,0,11.1557054442886,12.0734309735255,12.0734309735255,17.5546629321254,0.85
18555,"2020","10","20",294,10.0276589694961,101.890123930303,1280.38905925118,0.874962488909003,0.49,25491.4077578121,0,11.0052797387665,11.7749811296216,11.7749811296216,17.5215044523613,0.85
18556,"2020","10","21",295,11.0403400603979,66.744141980873,838.73162446906,0.0120745972325719,1.17,17819.0355820684,0,10.2126294389275,11.0725230011052,11.0725230011052,17.488191439573,0.85
18557,"2020","10","22",296,10.5926644094523,34.6839358147958,435.851191813369,0.280743619132965,0,10542.2676748022,0,11.3657655045029,11.3657655045029,11.3657655045029,17.4547337651251,0.85
18558,"2020","10","23",297,13.775071327723,36.6522861956628,460.586212198259,0,0,23045.7876673577,0,11.605936026063,11.605936026063,11.605936026063,17.4211413432486,0.85
18559,"2020","10","24",298,9.09701049089279,38.9013801956628,488.849160948791,1.64689988003299,0.22,17463.0080887091,0,11.8233819202658,11.8233819202658,11.8233819202658,17.3874241281032,0.85
18560,"2020","10","25",299,7.50733644262078,39.7235743156298,499.181156977243,0.988052363658414,0,23837.6177162351,0,11.9201202940584,11.9201202940584,11.9201202940584,17.3535921108273,0.85
18561,"2020","10","26",300,6.78863396868638,40.9846159519714,515.02787353965,0.818800706580253,0.72,3430.05828898182,0,11.5962153220862,11.5962153220862,11.5962153220862,17.3196553165779,0.85
18562,"2020","10","27",301,5.97015179173974,43.1349092453911,542.049255994333,0.819751440829755,0,20115.0300187834,0,11.1900433537616,11.1900433537616,11.1900433537616,17.2856238015594,0.85
18563,"2020","10","28",302,5.77950646232142,44.5642518045614,560.010904327743,0.486745834139169,0.04,16740.2894300602,0,10.7251849588259,10.7251849588259,10.7251849588259,17.2515076500442,0.85
18564,"2020","10","29",303,5.57787876832231,46.3665999704222,582.659879356061,0.680535247498011,0,4642.81226540457,0,10.3341131396249,10.3341131396249,10.3341131396249,17.2173169713844,0.85
18565,"2020","10","30",304,4.84479898785514,47.9351587229242,602.370969970398,0.997048076774989,0,28543.4768735695,0,9.98667367442539,9.98667367442539,9.98667367442539,17.1830618970158,0.85
18566,"2020","10","31",305,4.93754032058632,49.1872046461492,618.10464306784,0.606166834498227,0,28724.0869838139,0,9.67415692839495,9.67415692839495,9.67415692839495,17.1487525774564,0.85
18567,"2020","11","01",306,4.91313911424351,50.830131811651,638.750274721934,0.468918923376348,0.22,3823.57625564605,0,9.43715374671274,9.43715374671274,9.43715374671274,17.1143991792979,0.85
18568,"2020","11","02",307,3.60606456118478,52.8303068882746,663.885216028391,1.41100399733039,0,4315.15020576688,1.8124,9.00043784261959,9.26052409834057,9.26052409834057,17.0800118821937,0.209481481481481
18569,"2020","11","03",308,4.00261439053696,53.6683968909443,674.416965610127,0.548608398614814,0.494,5284.4883968095,1.3184,8.72292132855813,9.00105497916053,9.00105497916053,17.0456008758419,0.25105582761998
18570,"2020","11","04",309,4.5278525532799,55.8628824923294,701.993684985008,0.346151831120758,0,6701.12547001823,1.3184,8.4724322437512,8.88918261709654,8.88918261709654,17.0111763569665,0.25105582761998
18571,"2020","11","05",310,5.8119037372781,57.7658246612087,725.906761536837,0,0.468,8697.85704651787,0.8504,8.16417858939565,8.76090117525325,8.76090117525325,16.9767485262953,0.322948524365134
18572,"2020","11","06",311,7.89778278245853,60.4829186612087,760.050771734889,0,0.5616,8357.12379368033,0.2888,7.95548523187091,8.71361146029432,8.71361146029432,16.9423275855376,0.45
18573,"2020","11","07",312,9.69584767670443,63.2936126612087,795.370994222445,0,0.2888,20175.3276415872,0,7.82597372815491,8.70192551219492,8.70192551219492,16.907923734361,0.85
18574,"2020","11","08",313,10.5727951229428,65.8315066612087,827.263110806403,0.151705354910933,0,23581.1025268152,0,8.03442853312885,8.77328767387792,8.77328767387792,16.8735471673691,0.85
18575,"2020","11","09",314,11.4075431162378,67.9288953062978,853.619673842941,0.140383883235522,0,19294.621922925,0,8.54058614687159,8.95712630765496,8.95712630765496,16.8392080710805,0.85
18576,"2020","11","10",315,11.5582545685201,70.0376054230622,880.118506688452,0.167527256252915,0,14985.7996204864,0,9.11943804541909,9.22212087474281,9.22212087474281,16.8049166209107,0.85
18577,"2020","11","11",316,10.3135626352918,72.1191721668093,906.276245848903,0.645463020850853,0.06,6415.95286224472,0,9.69653016053326,9.50508197445845,9.50508197445845,16.7706829781563,0.85
18578,"2020","11","12",317,8.3568968823505,73.7828031459585,927.18204929842,0.848400249450815,0,17545.725768316,0,10.0994124893368,9.76276099691592,9.76276099691592,16.7365172869845,0.85
18579,"2020","11","13",318,7.56977855103338,75.1834968965076,944.783686085038,0.77680496711628,0,11953.5215337572,0,10.3222368399438,9.98278211821912,9.98278211821912,16.7024296714271,0.85
18580,"2020","11","14",319,6.65465855697749,76.6557859293914,963.285015723711,1.33565832485603,0,19106.8384189539,0,10.1747916389008,10.1470860829771,10.1470860829771,16.6684302323801,0.85
18581,"2020","11","15",320,6.56186385246178,77.5692216045353,974.763586949948,0.810395050432246,0.27,2870.23149270518,0,9.82141608935405,10.2009481637908,10.2009481637908,16.6345290446111,0.85
18582,"2020","11","16",321,5.87903232573672,79.2779205541031,996.235731218582,1.79464314171606,0,10020.7809131247,0,9.27266194242441,10.2169172365458,10.2169172365458,16.6007361537737,0.85
18583,"2020","11","17",322,5.20212105917761,79.732371412387,1001.94652912979,1.41140470600743,0,11266.2990347406,0,8.79483574748883,10.1174280750204,10.1174280750204,16.5670615734307,0.85
18584,"2020","11","18",323,4.54728718844137,80.5700607063796,1012.47324325778,1.35456271302568,0,17945.5231570735,0,8.4041699543302,10.0010969636152,10.0010969636152,16.5335152820871,0.85
18585,"2020","11","19",324,5.42277773748066,81.4645919933539,1023.71425493604,0.674132108086487,0,12366.5512000897,0,8.06036462501334,9.86693923032891,9.86693923032891,16.500107220233,0.85
18586,"2020","11","20",325,5.30765051186711,83.0395538852675,1043.50580977332,0.480350521891438,0,5013.02419656812,0,7.41582752675208,9.75729027183343,9.75729027183343,16.4668472873981,0.85
18587,"2020","11","21",326,5.07220304010127,84.808297363376,1065.73249584096,0.938583116030225,0,13275.3196195933,0,7.20992959199378,9.65457856508914,9.65457856508914,16.4337453392184,0.85
18588,"2020","11","22",327,4.75004894945846,86.1188082473458,1082.20086130308,0.442323199930425,0,556.201087229055,11.6484,6.99718410594772,9.53126420506294,9.53126420506294,16.4008111845154,0.0964496305459895
18589,"2020","11","23",328,4.23193731905025,87.9255790474154,1104.90541279196,0.524300563649191,0,1271.45587957577,16.5984,6.4200876364016,9.43706354690011,9.43706354690011,16.36805458239,0.0892941065178318
18590,"2020","11","24",329,4.04144929324491,89.6503724837662,1126.57980634635,0.487782900966019,0.25,2127.61649874993,16.3484,6.32904160733301,9.34634795196808,9.34634795196808,16.3354852393303,0.0895535658561175
18591,"2020","11","25",330,4.48418371254991,91.6616835828002,1151.85468703759,0.382143493306271,0,382.022414602984,23.5984,6.2809259249434,9.27820263301084,9.27820263301084,16.3031128063356,0.0842317676970427
18592,"2020","11","26",331,4.7147247981033,93.5286340894939,1175.31547902337,0.262159722460567,0.43,392.366576915843,23.3484,6.20452118146227,9.21179324131197,9.21179324131197,16.2709468760564,0.084360993255464
18593,"2020","11","27",332,4.71599556397024,95.9455683670333,1205.68757090548,0.139970845465304,0.25,290.969812993599,23.0984,5.6668218304834,9.17749617419747,9.17749617419747,16.2389969799522,0.0844929784398811
18594,"2020","11","28",333,4.78948505039591,98.304691521568,1235.33318679028,0.216222644603935,0.9572,1095.96038888202,22.1412,5.6491384572239,9.14531677903199,9.14531677903199,16.2072725854665,0.0850254893927789
18595,"2020","11","29",334,4.82221281923205,101.294762876964,1272.90753160556,0.449423266646564,0.915600000000001,1721.46203212709,21.2256,5.15147765521351,9.14468692595943,9.14468692595943,16.1757830932223,0.0855791428359206
18596,"2020","11","30",335,4.94510222643521,104.010033610318,1307.0286299592,0.435634662429243,2.13,274.432879581187,20.3256,5.20534733778294,9.13586050804503,9.13586050804503,16.1445378342356,0.0861712336731135
18597,"2020","12","01",336,5.01239391679093,107.953492947888,1356.58360149777,0.263943777118892,1.4684,307.09763847986,19.4672,4.81359660085928,9.1800694249979,9.1800694249979,16.113546067151,0.086786153348431
18598,"2020","12","02",337,4.69471401895316,111.407043170769,1399.9821935338,0.558637513582271,0,763.28497785421,20.5516,4.9344037400848,9.20654936694143,9.20654936694143,16.0828169754979,0.086017750685299
18599,"2020","12","03",338,4.88484657565897,113.097499657187,1421.22509624957,0.719438333566327,0.25,392.655316006784,20.3016,4.86868628283577,9.17119061986659,9.17119061986659,16.0523596649694,0.0861877303946297
18600,"2020","12","04",339,4.92894124682994,114.877155323621,1443.58890891992,0.298684099621094,1.0336,260.895780630498,19.698,4.82240683582756,9.14351729173706,9.14351729173706,16.0221831607239,0.0866156336817701
18601,"2020","12","05",340,4.72847814182416,117.861165224,1481.087083245,0.549090161435555,0.873999999999999,318.867886173433,18.824,4.31713239668102,9.16041456886421,9.16041456886421,15.992296404711,0.0872830630329376
18602,"2020","12","06",341,4.03323158361525,120.435169062564,1513.43296944319,0.793972608257224,0.25,1758.16319380263,18.574,4.32684037739796,9.16266867205002,9.16266867205002,15.9627082530213,0.08748533553565
18603,"2020","12","07",342,3.96161217532801,122.140290454307,1534.8601567943,0.562930550698156,0.25,1379.84823233091,18.324,4.23195686430955,9.13732312928391,9.13732312928391,15.9334274732629,0.0876930340357955
18604,"2020","12","08",343,3.93657503153287,124.076453903609,1559.1907042682,0.439355703659856,0.25,1502.49682261817,18.074,4.13417282752505,9.12202278444516,9.12202278444516,15.9044627419627,0.0879063798316403
18605,"2020","12","09",344,4.71766348762139,126.136192199949,1585.0741390686,0.268591499751148,0,413.334902782295,19.924,3.40440728856436,9.11125043218505,9.11125043218505,15.8758226419956,0.0864524289497609
18606,"2020","12","10",345,4.64126042649053,128.116694700198,1609.96186748939,0.466631425966303,0.25,807.334508878121,19.674,3.44436507278891,9.09815780074695,9.09815780074695,15.8475156600415,0.0866331819182359
18607,"2020","12","11",346,4.82004671792788,130.149157274231,1635.50254545451,0.239418972316512,0.25,1012.75204827235,19.424,3.49371158881604,9.08697031567658,9.08697031567658,15.8195501840699,0.0868185134149306
18608,"2020","12","12",347,4.75851984838499,132.408832301915,1663.8984593204,0.613408649892335,1.122,239.735486073078,18.602,3.5398686990514,9.08293615053901,9.08293615053901,15.791934500855,0.0874624151565772
18609,"2020","12","13",348,4.87444662544397,135.166517652023,1698.55255546764,0.854971247524854,0.873999999999999,614.078392531553,17.728,3.62309123281062,9.09413975060443,9.09413975060443,15.7646767935197,0.0882114037421299
18610,"2020","12","14",349,4.03218735902192,137.434640404498,1727.0546265741,0.376155204395396,0.266000000000002,396.852233673478,17.462,3.63423028155182,9.09071700810415,9.09071700810415,15.7377851391109,0.0884539747541795
18611,"2020","12","15",350,2.95688931703091,139.573579200102,1753.9333242011,0.905673611011171,0.25,1780.5826339743,17.212,3.01856171474788,9.08518966179281,9.08518966179281,15.7112675062062,0.0886886667579533
18612,"2020","12","16",351,2.70767531333433,141.166999589091,1773.95683535361,0.659204570842886,0.25,777.780786573711,16.962,2.94693379144985,9.06517091807541,9.06517091807541,15.6851317525525,0.0889301507188666
18613,"2020","12","17",352,2.90316530239477,143.006889018248,1797.07756780984,0.568720226086411,0.25,1413.27058630899,16.712,2.85142752675767,9.05384715034444,9.05384715034444,15.6593856227378,0.0891787258034203
18614,"2020","12","18",353,3.08511462739,144.937262792162,1821.33536007708,0.255225330167812,0.25,1968.24693480434,16.462,2.68151341576669,9.04547459053532,9.04547459053532,15.6340367458959,0.0894347090098466
18615,"2020","12","19",354,3.67284810741256,147.181131461994,1849.53264539214,0.265715791230797,0.25,516.16883533729,16.212,2.58662086591886,9.04622884187125,9.04622884187125,15.609092633446,0.0896984365167723
18616,"2020","12","20",355,4.34521099679688,149.414509670763,1877.59810368556,0.351830300455277,0,301.645287168386,17.762,2.4960647290074,9.04668232166642,9.04668232166642,15.5845606768671,0.088180912973248
18617,"2020","12","21",356,4.54412534882266,151.311773370308,1901.43982248721,0.303584103837623,0.33,1014.91437584881,17.512,2.5277134271663,9.03848942004379,9.03848942004379,15.5604481455074,0.0884078262430442
18618,"2020","12","22",357,4.04169984793577,153.58728326647,1930.03472317903,0.785297513012254,0.679200000000002,569.956044532796,16.8328,1.92952555169262,8.98031491669474,9.04081424674308,15.5367621844302,0.0890577093538605
18619,"2020","12","23",358,3.74594541580615,155.730279753458,1956.96441125979,0.395302143919723,0,445.290756772942,16.9828,1.92615006558424,8.97898775666283,9.03905533390838,15.513509812297,0.0889097930396577
18620,"2020","12","24",359,4.73125038143769,157.584071609538,1980.25984676518,0.327754429681113,2.82,284.133095211853,16.7328,1.89559540633741,8.96862500331378,9.02992742529295,15.4906979192875,0.0891577663068982
18621,"2020","12","25",360,4.83171292952238,162.325411179857,2039.84127701433,0.509238646430328,3.2476,203.953354361719,16.0252,1.95881470295575,8.98407896022781,9.09208687438434,15.4683332650579,0.089900761303273
18622,"2020","12","26",361,3.93904700777216,167.312866533427,2102.51548940986,0.625075626532506,0.297200000000002,1057.56095064846,15.728,2.1086614779457,8.99260240214431,9.15318828855459,15.446422476738,0.0902323725939961
18623,"2020","12","27",362,3.85513708940931,169.234084906895,2126.65823152196,0.401225453311489,0.25,1514.08138313587,15.478,2.03172320769312,8.96691514419939,9.14215718568499,15.4249720469672,0.09052098371451
18624,"2020","12","28",363,4.16981979927465,171.331953453583,2153.02082517986,0.973659785333087,0,234.770736127464,16.628,1.26375712899619,8.86428126588874,9.14013759287047,15.4039883319707,0.08926389347939
18625,"2020","12","29",364,3.33566936608776,172.60738766825,2169.0484042156,0.585723788995969,0.6816,2045.79360728944,15.9464,1.20834436255632,8.82859164442874,9.1199135298038,15.3834775496762,0.0899875043046194
18626,"2020","12","30",365,4.28857557139276,174.952357879254,2198.51616896671,0.545548460405499,0,278.392833264098,20.1964,1.22516477168028,8.83701274561798,9.12502426546587,15.3634457778712,0.0862604964995417
18627,"2020","12","31",366,4.12650989110267,176.655903418848,2219.92355357569,0.86195499767084,0.411200000000001,736.024585749727,19.7852,1.17558352459844,8.82135861315004,9.11462004539851,15.3438989524019,0.0865522278163618
